_id,_sort_name,_state,_district,_title,_full_district,_last_name,_facebook,_clean_name,_party,_twitter,_twitter_followers
B001248,"Burgess, Michael C.",TX,26,Rep,TX26,Burgess,michaelcburgess,Michael C. Burgess,Republican,MichaelCBurgess,26903
B001255,"Boustany, Charles W., Jr.",LA,3,Rep,LA3,Boustany,RepBoustany,Charles W. Boustany Jr.,Republican,RepBoustany,-1
B000755,"Brady, Kevin",TX,8,Rep,TX8,Brady,kevinbrady,Kevin Brady,Republican,RepKevinBrady,36455
C001069,"Courtney, Joe",CT,2,Rep,CT2,Courtney,joecourtney,Joe Courtney,Democrat,RepJoeCourtney,22237
G000410,"Green, Gene",TX,29,Rep,TX29,Green,RepGeneGreen,Gene Green,Democrat,RepGeneGreen,17745
H001055,"Heck, Joseph J.",NV,3,Rep,NV3,Heck,RepJoeHeck,Joseph J. Heck,Republican,RepJoeHeck,-1
L000263,"Levin, Sander M.",MI,9,Rep,MI9,Levin,RepSandyLevin,Sander M. Levin,Democrat,RepSandyLevin,26727
M000404,"McDermott, Jim",WA,7,Rep,WA7,McDermott,CongressmanJimMcDermott,Jim McDermott,Democrat,RepJimMcDermott,15637
P000034,"Pallone, Frank, Jr.",NJ,6,Rep,NJ6,Pallone,repfrankpallone,"Frank Pallone, Jr.",Democrat,FrankPallone,28038
P000593,"Perlmutter, Ed",CO,7,Rep,CO7,Perlmutter,RepPerlmutter,Ed Perlmutter,Democrat,RepPerlmutter,28852
P000373,"Pitts, Joseph R.",PA,16,Rep,PA16,Pitts,94156528752,Joseph R. Pitts,Republican,RepJoePitts,-1
R000570,"Ryan, Paul",WI,1,Rep,WI1,Ryan,speakerryan,Paul D. Ryan,Republican,SpeakerRyan,3689252
S000250,"Sessions, Pete",TX,32,Rep,TX32,Sessions,petesessions,Pete Sessions,Republican,PeteSessions,31059
U000031,"Upton, Fred",MI,6,Rep,MI6,Upton,RepFredUpton,Fred Upton,Republican,RepFredUpton,22669
C001096,"Cramer, Kevin",ND,0,Rep,ND0,Cramer,CongressmanKevinCramer,Kevin Cramer,Republican,RepKevinCramer,12089
B001291,"Babin, Brian",TX,36,Rep,TX36,Babin,RepBrianBabin,Brian Babin,Republican,RepBrianBabin,12747
B001269,"Barletta, Lou",PA,11,Rep,PA11,Barletta,CongressmanLouBarletta,Lou Barletta,Republican,RepLouBarletta,22689
B001250,"Bishop, Rob",UT,1,Rep,UT1,Bishop,RepRobBishop,Rob Bishop,Republican,RepRobBishop,3018
B001295,"Bost, Mike",IL,12,Rep,IL12,Bost,RepBost,Mike Bost,Republican,RepBost,7686
B001297,"Buck, Ken",CO,4,Rep,CO4,Buck,repkenbuck,Ken Buck,Republican,RepKenBuck,15426
C001062,"Conaway, K. Michael",TX,11,Rep,TX11,Conaway,mike.conaway,K. Michael Conaway,Republican,ConawayTX11,13588
C001094,"Cook, Paul",CA,8,Rep,CA8,Cook,RepPaulCook,Paul Cook,Republican,RepPaulCook,12485
C001048,"Culberson, John Abney",TX,7,Rep,TX7,Culberson,CongressmanCulberson,John Abney Culberson,Republican,CongCulberson,15809
D000619,"Davis, Rodney",IL,13,Rep,IL13,Davis,RepRodneyDavis,Rodney Davis,Republican,RodneyDavis,16793
D000612,"Denham, Jeff",CA,10,Rep,CA10,Denham,RepJeffDenham,Jeff Denham,Republican,RepJeffDenham,21456
D000604,"Dent, Charles W.",PA,15,Rep,PA15,Dent,CongressmanDent,Charles W. Dent,Republican,RepCharlieDent,16043
E000291,"Ellmers, Renee L.",NC,2,Rep,NC2,Ellmers,reneeellmers,Renee L. Ellmers,Republican,RepReneeEllmers,17627
F000451,"Fitzpatrick, Michael G.",PA,8,Rep,PA8,Fitzpatrick,RepFitzpatrick,Michael G. Fitzpatrick,Republican,RepFitzpatrick,12697
G000565,"Gosar, Paul A.",AZ,4,Rep,AZ4,Gosar,repgosar,Paul A. Gosar,Republican,RepGosar,37540
H001072,"Hill, J. French",AR,2,Rep,AR2,Hill,RepFrenchHill,J. French Hill,Republican,RepFrenchHill,12237
K000376,"Kelly, Mike",PA,3,Rep,PA3,Kelly,191056827594903,Mike Kelly,Republican,MikeKellyPA,10995
M001177,"McClintock, Tom",CA,4,Rep,CA4,McClintock,81125319109,Tom McClintock,Republican,RepMcClintock,12760
M001150,"Miller, Candice S.",MI,10,Rep,MI10,Miller,CongresswomanCandiceMiller,Candice S. Miller,Republican,CandiceMiller,11861
M001144,"Miller, Jeff",FL,1,Rep,FL1,Miller,RepJeffMiller,Jeff Miller,Republican,,-1
M001194,"Moolenaar, John R.",MI,4,Rep,MI4,Moolenaar,RepMoolenaar,John R. Moolenaar,Republican,RepMoolenaar,8035
M001195,"Mooney, Alexander X.",WV,2,Rep,WV2,Mooney,CongressmanAlexMooney,Alexander X. Mooney,Republican,RepAlexMooney,7806
M001190,"Mullin, Markwayne",OK,2,Rep,OK2,Mullin,RepMullin,Markwayne Mullin,Republican,RepMullin,15240
P000588,"Pearce, Stevan",NM,2,Rep,NM2,Pearce,RepStevePearce,Stevan Pearce,Republican,RepStevePearce,12182
R000601,"Ratcliffe, John",TX,4,Rep,TX4,Ratcliffe,RepRatcliffe,John Ratcliffe,Republican,RepRatcliffe,18637
R000603,"Rouzer, David",NC,7,Rep,NC7,Rouzer,RepRouzer,David Rouzer,Republican,RepDavidRouzer,6317
S001154,"Shuster, Bill",PA,9,Rep,PA9,Shuster,Rep.Shuster,Bill Shuster,Republican,RepBillShuster,20507
W000821,"Westerman, Bruce",AR,4,Rep,AR4,Westerman,RepWesterman,Bruce Westerman,Republican,RepWesterman,8552
Z000018,"Zinke, Ryan K.",MT,0,Rep,MT0,Zinke,CongressmanRyanZinke,Ryan K. Zinke,Republican,RepRyanZinke,11416
K000363,"Kline, John",MN,2,Rep,MN2,Kline,repjohnkline,John Kline,Republican,RepJohnKline,8697
A000372,"Allen, Rick W.",GA,12,Rep,GA12,Allen,CongressmanRickAllen,Rick W. Allen,Republican,reprickallen,11832
B001289,"Byrne, Bradley",AL,1,Rep,AL1,Byrne,RepByrne,Bradley Byrne,Republican,RepByrne,17912
C001107,"Curbelo, Carlos",FL,26,Rep,FL26,Curbelo,repcurbelo,Carlos Curbelo,Republican,RepCurbelo,16968
F000450,"Foxx, Virginia",NC,5,Rep,NC5,Foxx,RepVirginiaFoxx,Virginia Foxx,Republican,VirginiaFoxx,21627
G000558,"Guthrie, Brett",KY,2,Rep,KY2,Guthrie,CongressmanGuthrie,Brett Guthrie,Republican,RepGuthrie,12572
H001048,"Hunter, Duncan D.",CA,50,Rep,CA50,Hunter,DuncanHunter,Duncan Hunter,Republican,Rep_Hunter,14695
M001189,"Messer, Luke",IN,6,Rep,IN6,Messer,RepLukeMesser,Luke Messer,Republican,RepLukeMesser,14942
R000582,"Roe, David P.",TN,1,Rep,TN1,Roe,DrPhilRoe,David P. Roe,Republican,DrPhilRoe,15962
R000592,"Rokita, Todd",IN,4,Rep,IN4,Rokita,RepToddRokita,Todd Rokita,Republican,ToddRokita,22384
A000373,"Ashford, Brad",NE,2,Rep,NE2,Ashford,RepBradAshford,Brad Ashford,Democrat,RepBradAshford,5226
B000213,"Barton, Joe",TX,6,Rep,TX6,Barton,RepJoeBarton,Joe Barton,Republican,RepJoeBarton,27806
B001271,"Benishek, Dan",MI,1,Rep,MI1,Benishek,CongressmanDan,Dan Benishek,Republican,CongressmanDan,9454
B001287,"Bera, Ami",CA,7,Rep,CA7,Bera,RepAmiBera,Ami Bera,Democrat,RepBera,28014
B001257,"Bilirakis, Gus M.",FL,12,Rep,FL12,Bilirakis,GusBilirakis,Gus M. Bilirakis,Republican,RepGusBilirakis,25999
B001293,"Bishop, Mike",MI,8,Rep,MI8,Bishop,RepMikeBishop,Mike Bishop,Republican,RepMikeBishop,11825
B001243,"Blackburn, Marsha",TN,7,Rep,TN7,Blackburn,marshablackburn,Marsha Blackburn,Republican,MarshaBlackburn,56159
B001278,"Bonamici, Suzanne",OR,1,Rep,OR1,Bonamici,congresswomanbonamici,Suzanne Bonamici,Democrat,RepBonamici,23808
B001245,"Bordallo, Madeleine Z.",GU,0,Rep,GU0,Bordallo,madeleine.bordallo,Madeleine Z. Bordallo,Democrat,,-1
B001296,"Boyle, Brendan F.",PA,13,Rep,PA13,Boyle,CongressmanBoyle,Brendan F. Boyle,Democrat,CongBoyle,7851
B001227,"Brady, Robert A.",PA,1,Rep,PA1,Brady,RepRobertBrady,Robert A. Brady,Democrat,RepBrady,12540
B001284,"Brooks, Susan W.",IN,5,Rep,IN5,Brooks,congresswomansusanwbrooks,Susan W. Brooks,Republican,SusanWBrooks,17885
B000911,"Brown, Corrine",FL,5,Rep,FL5,Brown,congresswomanbrown,Corrine Brown,Democrat,RepCorrineBrown,-1
B001285,"Brownley, Julia",CA,26,Rep,CA26,Brownley,RepJuliaBrownley,Julia Brownley,Democrat,JuliaBrownley26,15040
B001275,"Bucshon, Larry",IN,8,Rep,IN8,Bucshon,RepLarryBucshon,Larry Bucshon,Republican,RepLarryBucshon,18086
B001286,"Bustos, Cheri",IL,17,Rep,IL17,Bustos,RepCheri,Cheri Bustos,Democrat,RepCheri,28801
B001251,"Butterfield, G. K.",NC,1,Rep,NC1,Butterfield,congressmangkbutterfield,G. K. Butterfield,Democrat,GKButterfield,15684
C000059,"Calvert, Ken",CA,42,Rep,CA42,Calvert,70063393423,Ken Calvert,Republican,KenCalvert,15270
C001036,"Capps, Lois",CA,24,Rep,CA24,Capps,loiscapps,Lois Capps,Democrat,RepLoisCapps,12233
C001037,"Capuano, Michael E.",MA,7,Rep,MA7,Capuano,RepMichaelCapuano,Michael E. Capuano,Democrat,RepMikeCapuano,8834
C001097,"Cardenas, Tony",CA,29,Rep,CA29,Cardenas,repcardenas,Tony Cárdenas,Democrat,RepCardenas,18114
C001090,"Cartwright, Matt",PA,17,Rep,PA17,Cartwright,CongressmanMattCartwright,Matt Cartwright,Democrat,RepCartwright,9719
C001066,"Castor, Kathy",FL,14,Rep,FL14,Castor,USRepKathyCastor,Kathy Castor,Democrat,USRepKCastor,13727
C001091,"Castro, Joaquin",TX,20,Rep,TX20,Castro,326420614138023,Joaquin Castro,Democrat,JoaquinCastrotx,103426
C000266,"Chabot, Steve",OH,1,Rep,OH1,Chabot,RepSteveChabot,Steve Chabot,Republican,RepSteveChabot,25222
C001080,"Chu, Judy",CA,27,Rep,CA27,Chu,RepJudyChu,Judy Chu,Democrat,RepJudyChu,47229
C001084,"Cicilline, David N.",RI,1,Rep,RI1,Cicilline,CongressmanDavidCicilline,David N. Cicilline,Democrat,RepCicilline,13972
C001101,"Clark, Katherine M.",MA,5,Rep,MA5,Clark,CongresswomanClark,Katherine M. Clark,Democrat,RepKClark,57578
C001067,"Clarke, Yvette D.",NY,9,Rep,NY9,Clarke,repyvettedclarke,Yvette D. Clarke,Democrat,RepYvetteClarke,42162
C001061,"Cleaver, Emanuel",MO,5,Rep,MO5,Cleaver,emanuelcleaverii,Emanuel Cleaver,Democrat,RepCleaver,34206
C001077,"Coffman, Mike",CO,6,Rep,CO6,Coffman,repmikecoffman,Mike Coffman,Republican,RepMikeCoffman,36926
C001068,"Cohen, Steve",TN,9,Rep,TN9,Cohen,CongressmanSteveCohen,Steve Cohen,Democrat,RepCohen,43801
C001092,"Collins, Chris",NY,27,Rep,NY27,Collins,RepChrisCollins,Chris Collins,Republican,RepChrisCollins,19764
C001093,"Collins, Doug",GA,9,Rep,GA9,Collins,RepresentativeDougCollins,Doug Collins,Republican,RepDougCollins,15820
C001105,"Comstock, Barbara",VA,10,Rep,VA10,Comstock,RepBarbaraComstock,Barbara Comstock,Republican,RepComstock,15937
C001059,"Costa, Jim",CA,16,Rep,CA16,Costa,RepJimCosta,Jim Costa,Democrat,RepJimCosta,15602
C001106,"Costello, Ryan A.",PA,6,Rep,PA6,Costello,CongressmanRyanCostello,Ryan A. Costello,Republican,RepRyanCostello,12393
C001045,"Crenshaw, Ander",FL,4,Rep,FL4,Crenshaw,200388204657,Ander Crenshaw,Republican,AnderCrenshaw,10597
D000598,"Davis, Susan A.",CA,53,Rep,CA53,Davis,RepSusanDavis,Susan A. Davis,Democrat,RepSusanDavis,17428
D000197,"DeGette, Diana",CO,1,Rep,CO1,DeGette,DianaDeGette,Diana DeGette,Democrat,RepDianaDeGette,40604
D000620,"Delaney, John K.",MD,6,Rep,MD6,Delaney,congressmanjohndelaney,John K. Delaney,Democrat,RepJohnDelaney,18482
D000617,"DelBene, Suzan K.",WA,1,Rep,WA1,DelBene,RepDelBene,Suzan K. DelBene,Democrat,RepDelBene,23208
D000623,"DeSaulnier, Mark",CA,11,Rep,CA11,DeSaulnier,RepMarkDeSaulnier,Mark DeSaulnier,Democrat,RepDeSaulnier,12562
D000616,"DesJarlais, Scott",TN,4,Rep,TN4,DesJarlais,ScottDesJarlaisTN04,Scott DesJarlais,Republican,DesJarlaisTN04,14840
D000600,"Diaz-Balart, Mario",FL,25,Rep,FL25,Diaz-Balart,mdiazbalart,Mario Diaz-Balart,Republican,MarioDB,34877
D000624,"Dingell, Debbie",MI,12,Rep,MI12,Dingell,RepDebbieDingell,Debbie Dingell,Democrat,RepDebDingell,33784
D000613,"Dold, Robert J.",IL,10,Rep,IL10,Dold,RepDold,Robert J. Dold,Republican,RepDold,6068
D000625,"Donovan, Daniel M., Jr.",NY,11,Rep,NY11,Donovan,RepDanDonovan,"Daniel M. Donovan, Jr.",Republican,RepDanDonovan,4481
D000482,"Doyle, Michael F.",PA,14,Rep,PA14,Doyle,usrepmikedoyle,Michael F. Doyle,Democrat,USRepMikeDoyle,16607
D000622,"Duckworth, Tammy",IL,8,Rep,IL8,Duckworth,SenDuckworth,Tammy Duckworth,Democrat,SenDuckworth,473433
E000290,"Edwards, Donna F.",MD,4,Rep,MD4,Edwards,107297211756,Donna F. Edwards,Democrat,RepDonnaEdwards,27745
E000288,"Ellison, Keith",MN,5,Rep,MN5,Ellison,Keith.Ellison,Keith Ellison,Democrat,KeithEllison,367692
E000179,"Engel, Eliot L.",NY,16,Rep,NY16,Engel,RepEliotLEngel,Eliot L. Engel,Democrat,RepEliotEngel,22909
E000215,"Eshoo, Anna G.",CA,18,Rep,CA18,Eshoo,RepAnnaEshoo,Anna G. Eshoo,Democrat,RepAnnaEshoo,35110
F000030,"Farr, Sam",CA,20,Rep,CA20,Farr,RepSamFarr,Sam Farr,Democrat,RepSamFarr,-1
F000043,"Fattah, Chaka",PA,2,Rep,PA2,Fattah,repfattah,Chaka Fattah,Democrat,ChakaFattah,11943
F000461,"Flores, Bill",TX,17,Rep,TX17,Flores,RepBillFlores,Bill Flores,Republican,RepBillFlores,17855
F000449,"Fortenberry, Jeff",NE,1,Rep,NE1,Fortenberry,jefffortenberry,Jeff Fortenberry,Republican,JeffFortenberry,18541
F000462,"Frankel, Lois",FL,22,Rep,FL22,Frankel,RepLoisFrankel,Lois Frankel,Democrat,RepLoisFrankel,20311
F000455,"Fudge, Marcia L.",OH,11,Rep,OH11,Fudge,RepMarciaLFudge,Marcia L. Fudge,Democrat,RepMarciaFudge,31228
G000559,"Garamendi, John",CA,3,Rep,CA3,Garamendi,repgaramendi,John Garamendi,Democrat,RepGaramendi,25240
G000563,"Gibbs, Bob",OH,7,Rep,OH7,Gibbs,RepBobGibbs,Bob Gibbs,Republican,RepBobGibbs,31089
G000564,"Gibson, Christopher P.",NY,19,Rep,NY19,Gibson,RepChrisGibson,Christopher P. Gibson,Republican,RepChrisGibson,10875
G000568,"Griffith, H. Morgan",VA,9,Rep,VA9,Griffith,RepMorganGriffith,H. Morgan Griffith,Republican,RepMGriffith,23871
G000570,"Guinta, Frank C.",NH,1,Rep,NH1,Guinta,repfrankguinta,Frank C. Guinta,Republican,RepFrankGuinta,4800
G000535,"Gutierrez, Luis V.",IL,4,Rep,IL4,Gutierrez,RepGutierrez,Luis V. Gutiérrez,Democrat,RepGutierrez,78600
H001063,"Hahn, Janice",CA,44,Rep,CA44,Hahn,RepJaniceHahn,Janice Hahn,Democrat,Rep_JaniceHahn,12
H001051,"Hanna, Richard L.",NY,22,Rep,NY22,Hanna,reprichardhanna,Richard L. Hanna,Republican,RepRichardHanna,12360
H001070,"Hardy, Cresent",NV,4,Rep,NV4,Hardy,RepCresentHardy,Cresent Hardy,Republican,RepHardy,2998
H001045,"Harper, Gregg",MS,3,Rep,MS3,Harper,GreggHarper,Gregg Harper,Republican,GreggHarper,27049
H001052,"Harris, Andy",MD,1,Rep,MD1,Harris,AndyHarrisMD,Andy Harris,Republican,RepAndyHarrisMD,12993
H000324,"Hastings, Alcee L.",FL,20,Rep,FL20,Hastings,95696782238,Alcee L. Hastings,Democrat,RepHastingsFL,19570
H001064,"Heck, Denny",WA,10,Rep,WA10,Heck,CongressmanDennyHeck,Denny Heck,Democrat,RepDennyHeck,21478
H001056,"Herrera Beutler, Jaime",WA,3,Rep,WA3,Herrera Beutler,herrerabeutler,Jaime Herrera Beutler,Republican,HerreraBeutler,17676
H001038,"Higgins, Brian",NY,26,Rep,NY26,Higgins,RepBrianHiggins,Brian Higgins,Democrat,RepBrianHiggins,22654
H000636,"Hinojosa, Ruben",TX,15,Rep,TX15,Hinojosa,CongressmanRubenHinojosa,Rubén Hinojosa,Democrat,USRepRHinojosa,11283
H000874,"Hoyer, Steny H.",MD,5,Rep,MD5,Hoyer,WhipHoyer,Steny H. Hoyer,Democrat,WhipHoyer,103986
H001067,"Hudson, Richard",NC,8,Rep,NC8,Hudson,RepRichHudson,Richard Hudson,Republican,RepRichHudson,14760
H001068,"Huffman, Jared",CA,2,Rep,CA2,Huffman,RepHuffman,Jared Huffman,Democrat,RepHuffman,25234
H001058,"Huizenga, Bill",MI,2,Rep,MI2,Huizenga,RepHuizenga,Bill Huizenga,Republican,RepHuizenga,17546
H001059,"Hultgren, Randy",IL,14,Rep,IL14,Hultgren,RepHultgren,Randy Hultgren,Republican,RepHultgren,18309
I000057,"Israel, Steve",NY,3,Rep,NY3,Israel,RepSteveIsrael,Steve Israel,Democrat,RepSteveIsrael,30632
J000032,"Jackson Lee, Sheila",TX,18,Rep,TX18,Jackson Lee,CongresswomanSheilaJacksonLee,Sheila Jackson Lee,Democrat,JacksonLeeTX18,54141
J000297,"Jenkins, Evan H.",WV,3,Rep,WV3,Jenkins,RepEvanJenkins,Evan H. Jenkins,Republican,RepEvanJenkins,7758
J000292,"Johnson, Bill",OH,6,Rep,OH6,Johnson,RepBillJohnson,Bill Johnson,Republican,RepBillJohnson,31566
J000126,"Johnson, Eddie Bernice",TX,30,Rep,TX30,Johnson,CongresswomanEBJtx30,Eddie Bernice Johnson,Democrat,RepEBJ,30811
J000288,"Johnson, Henry C. ""Hank,"" Jr.",GA,4,Rep,GA4,Johnson,115356957005,"Henry C. ""Hank"" Johnson, Jr.",Democrat,RepHankJohnson,29715
J000295,"Joyce, David P.",OH,14,Rep,OH14,Joyce,RepDaveJoyce,David P. Joyce,Republican,RepDaveJoyce,18875
K000009,"Kaptur, Marcy",OH,9,Rep,OH9,Kaptur,RepresentativeMarcyKaptur,Marcy Kaptur,Democrat,RepMarcyKaptur,16777
K000386,"Katko, John",NY,24,Rep,NY24,Katko,RepJohnKatko,John Katko,Republican,RepJohnKatko,10615
K000375,"Keating, William R.",MA,9,Rep,MA9,Keating,Congressman.Keating,William R. Keating,Democrat,USRepKeating,13358
K000385,"Kelly, Robin L.",IL,2,Rep,IL2,Kelly,reprobinkelly,Robin L. Kelly,Democrat,RepRobinKelly,22276
K000379,"Kennedy, Joseph P., III",MA,4,Rep,MA4,Kennedy,301936109927957,Joseph P. Kennedy III,Democrat,RepJoeKennedy,652817
K000380,"Kildee, Daniel T.",MI,5,Rep,MI5,Kildee,RepDanKildee,Daniel T. Kildee,Democrat,RepDanKildee,32648
K000381,"Kilmer, Derek",WA,6,Rep,WA6,Kilmer,derek.kilmer,Derek Kilmer,Democrat,RepDerekKilmer,23745
K000188,"Kind, Ron",WI,3,Rep,WI3,Kind,repronkind,Ron Kind,Democrat,RepRonKind,12945
K000378,"Kinzinger, Adam",IL,16,Rep,IL16,Kinzinger,RepKinzinger,Adam Kinzinger,Republican,RepKinzinger,38905
K000368,"Kirkpatrick, Ann",AZ,1,Rep,AZ1,Kirkpatrick,RepKirkpatrick,Ann Kirkpatrick,Democrat,RepKirkpatrick,-1
K000387,"Knight, Stephen",CA,25,Rep,CA25,Knight,RepresentativeSteveKnight,Stephen Knight,Republican,SteveKnight25,5528
K000382,"Kuster, Ann M.",NH,2,Rep,NH2,Kuster,CongresswomanAnnieKuster,Ann M. Kuster,Democrat,RepAnnieKuster,18617
L000578,"LaMalfa, Doug",CA,1,Rep,CA1,LaMalfa,RepLaMalfa,Doug LaMalfa,Republican,RepLaMalfa,13805
L000567,"Lance, Leonard",NJ,7,Rep,NJ7,Lance,CongressmanLance,Leonard Lance,Republican,RepLanceNJ7,14781
L000559,"Langevin, James R.",RI,2,Rep,RI2,Langevin,CongressmanJimLangevin,James R. Langevin,Democrat,JimLangevin,21135
L000557,"Larson, John B.",CT,1,Rep,CT1,Larson,RepJohnLarson,John B. Larson,Democrat,RepJohnLarson,22961
L000566,"Latta, Robert E.",OH,5,Rep,OH5,Latta,boblatta,Robert E. Latta,Republican,BobLatta,35290
L000581,"Lawrence, Brenda L.",MI,14,Rep,MI14,Lawrence,395759603917487,Brenda L. Lawrence,Democrat,RepLawrence,11302
L000551,"Lee, Barbara",CA,13,Rep,CA13,Lee,RepBarbaraLee,Barbara Lee,Democrat,RepBarbaraLee,178953
L000287,"Lewis, John",GA,5,Rep,GA5,Lewis,RepJohnLewis,John Lewis,Democrat,RepJohnLewis,915398
L000582,"Lieu, Ted",CA,33,Rep,CA33,Lieu,RepTedLieu,Ted Lieu,Democrat,RepTedLieu,102385
L000563,"Lipinski, Daniel",IL,3,Rep,IL3,Lipinski,repdanlipinski,Daniel Lipinski,Democrat,RepLipinski,11677
L000554,"LoBiondo, Frank A.",NJ,2,Rep,NJ2,LoBiondo,FrankLoBiondo,Frank A. LoBiondo,Republican,RepLoBiondo,15869
L000565,"Loebsack, David",IA,2,Rep,IA2,Loebsack,DaveLoebsack,David Loebsack,Democrat,DaveLoebsack,7213
L000397,"Lofgren, Zoe",CA,19,Rep,CA19,Lofgren,zoelofgren,Zoe Lofgren,Democrat,RepZoeLofgren,33351
L000576,"Long, Billy",MO,7,Rep,MO7,Long,Rep.Billy.Long,Billy Long,Republican,USRepLong,15658
L000579,"Lowenthal, Alan S.",CA,47,Rep,CA47,Lowenthal,RepLowenthal,Alan S. Lowenthal,Democrat,RepLowenthal,24853
L000569,"Luetkemeyer, Blaine",MO,3,Rep,MO3,Luetkemeyer,BlaineLuetkemeyer,Blaine Luetkemeyer,Republican,RepBlainePress,10657
L000570,"Lujan, Ben Ray",NM,3,Rep,NM3,Lujan,RepBenRayLujan,Ben Ray Luján,Democrat,RepBenRayLujan,17212
M000087,"Maloney, Carolyn B.",NY,12,Rep,NY12,Maloney,RepCarolynMaloney,Carolyn B. Maloney,Democrat,RepMaloney,26178
M001158,"Marchant, Kenny",TX,24,Rep,TX24,Marchant,RepKennyMarchant,Kenny Marchant,Republican,RepKenMarchant,24129
M001179,"Marino, Tom",PA,10,Rep,PA10,Marino,CongressmanMarino,Tom Marino,Republican,RepTomMarino,20715
M001163,"Matsui, Doris O.",CA,6,Rep,CA6,Matsui,doris.matsui,Doris O. Matsui,Democrat,DorisMatsui,30267
M001157,"McCaul, Michael T.",TX,10,Rep,TX10,McCaul,michaeltmccaul,Michael T. McCaul,Republican,RepMcCaul,25086
M001143,"McCollum, Betty",MN,4,Rep,MN4,McCollum,repbettymccollum,Betty McCollum,Democrat,BettyMcCollum04,25746
M000312,"McGovern, James P.",MA,2,Rep,MA2,McGovern,RepJimMcGovern,James P. McGovern,Democrat,RepMcGovern,36753
M001156,"McHenry, Patrick T.",NC,10,Rep,NC10,McHenry,CongressmanMcHenry,Patrick T. McHenry,Republican,PatrickMcHenry,23390
M001180,"McKinley, David B.",WV,1,Rep,WV1,McKinley,RepMcKinley,David B. McKinley,Republican,RepMcKinley,27980
M001159,"McMorris Rodgers, Cathy",WA,5,Rep,WA5,McMorris Rodgers,mcmorrisrodgers,Cathy McMorris Rodgers,Republican,CathyMcMorris,45140
M001166,"McNerney, Jerry",CA,9,Rep,CA9,McNerney,jerrymcnerney,Jerry McNerney,Democrat,RepMcNerney,19949
M001187,"Meadows, Mark",NC,11,Rep,NC11,Meadows,Repmarkmeadows,Mark Meadows,Republican,RepMarkMeadows,89774
M001188,"Meng, Grace",NY,6,Rep,NY6,Meng,repgracemeng,Grace Meng,Democrat,RepGraceMeng,22103
M001160,"Moore, Gwen",WI,4,Rep,WI4,Moore,GwenSMoore,Gwen Moore,Democrat,RepGwenMoore,30860
M001196,"Moulton, Seth",MA,6,Rep,MA6,Moulton,CongressmanSethMoulton,Seth Moulton,Democrat,teammoulton,7193
M001151,"Murphy, Tim",PA,18,Rep,PA18,Murphy,reptimmurphy,Tim Murphy,Republican,RepTimMurphy,-1
N000002,"Nadler, Jerrold",NY,10,Rep,NY10,Nadler,CongressmanNadler,Jerrold Nadler,Democrat,RepJerryNadler,51664
N000127,"Nolan, Richard M.",MN,8,Rep,MN8,Nolan,UsRepRickNolan,Richard M. Nolan,Democrat,USRepRickNolan,11827
N000147,"Norton, Eleanor Holmes",DC,0,Rep,DC0,Norton,CongresswomanNorton,Eleanor Holmes Norton,Democrat,EleanorNorton,29195
O000170,"O'Rourke, Beto",TX,16,Rep,TX16,O'Rourke,betoorourketx16,Beto O’Rourke,Democrat,RepBetoORourke,112888
O000168,"Olson, Pete",TX,22,Rep,TX22,Olson,Rep.PeteOlson,Pete Olson,Republican,RepPeteOlson,8826
P000594,"Paulsen, Erik",MN,3,Rep,MN3,Paulsen,CongressmanErikPaulsen,Erik Paulsen,Republican,RepErikPaulsen,19720
P000604,"Payne, Donald M., Jr.",NJ,10,Rep,NJ10,Payne,DonaldPayneJr,"Donald M. Payne, Jr.",Democrat,RepDonaldPayne,12204
P000605,"Perry, Scott",PA,4,Rep,PA4,Perry,repscottperry,Scott Perry,Republican,RepScottPerry,13747
P000608,"Peters, Scott H.",CA,52,Rep,CA52,Peters,RepScottPeters,Scott H. Peters,Democrat,RepScottPeters,22004
P000596,"Pierluisi, Pedro R.",PR,0,Rep,PR0,Pierluisi,pedropierluisi,Pedro R. Pierluisi,Democrat,PedroPierluisi,47884
P000606,"Pittenger, Robert",NC,9,Rep,NC9,Pittenger,congressmanpittenger,Robert Pittenger,Republican,RepPittenger,13356
P000607,"Pocan, Mark",WI,2,Rep,WI2,Pocan,repmarkpocan,Mark Pocan,Democrat,RepMarkPocan,75419
P000598,"Polis, Jared",CO,2,Rep,CO2,Polis,jaredpolis,Jared Polis,Democrat,RepJaredPolis,14265
P000602,"Pompeo, Mike",KS,4,Rep,KS4,Pompeo,CongressmanPompeo,Mike Pompeo,Republican,RepMikePompeo,-1
Q000023,"Quigley, Mike",IL,5,Rep,IL5,Quigley,repmikequigley,Mike Quigley,Democrat,RepMikeQuigley,37520
R000053,"Rangel, Charles B.",NY,13,Rep,NY13,Rangel,CBRangel,Charles B. Rangel,Democrat,CBRangel,29386
R000585,"Reed, Tom",NY,23,Rep,NY23,Reed,RepTomReed,Tom Reed,Republican,RepTomReed,15103
R000602,"Rice, Kathleen M.",NY,4,Rep,NY4,Rice,RepKathleenRice,Kathleen M. Rice,Democrat,RepKathleenRice,28998
R000589,"Rigell, E. Scott",VA,2,Rep,VA2,Rigell,RepScottRigell,E. Scott Rigell,Republican,RepScottRigell,15580
R000575,"Rogers, Mike D.",AL,3,Rep,AL3,Rogers,CongressmanMikeDRogers,Mike Rogers,Republican,RepMikeRogersAL,21930
R000435,"Ros-Lehtinen, Ileana",FL,27,Rep,FL27,Ros-Lehtinen,iroslehtinen,Ileana Ros-Lehtinen,Republican,RosLehtinen,117341
R000580,"Roskam, Peter J.",IL,6,Rep,IL6,Roskam,PeterRoskam,Peter J. Roskam,Republican,PeterRoskam,27556
R000593,"Ross, Dennis A.",FL,15,Rep,FL15,Ross,dennis.ross.376,Dennis A. Ross,Republican,RepDennisRoss,18275
R000486,"Roybal-Allard, Lucille",CA,40,Rep,CA40,Roybal-Allard,RepRoybalAllard,Lucille Roybal-Allard,Democrat,RepRoybalAllard,20860
R000487,"Royce, Edward R.",CA,39,Rep,CA39,Royce,EdRoyce,Edward R. Royce,Republican,RepEdRoyce,28036
R000576,"Ruppersberger, C. A. Dutch",MD,2,Rep,MD2,Ruppersberger,DutchRupp,C. A. Dutch Ruppersberger,Democrat,Call_Me_Dutch,13697
R000515,"Rush, Bobby L.",IL,1,Rep,IL1,Rush,congressmanbobbyrush,Bobby L. Rush,Democrat,RepBobbyRush,14409
R000577,"Ryan, Tim",OH,13,Rep,OH13,Ryan,timryan,Tim Ryan,Democrat,RepTimRyan,53336
S000018,"Salmon, Matt",AZ,5,Rep,AZ5,Salmon,RepMattSalmon,Matt Salmon,Republican,RepMattSalmon,0
S001168,"Sarbanes, John P.",MD,3,Rep,MD3,Sarbanes,RepSarbanes,John P. Sarbanes,Democrat,RepSarbanes,17572
S001176,"Scalise, Steve",LA,1,Rep,LA1,Scalise,RepSteveScalise,Steve Scalise,Republican,SteveScalise,276479
S001145,"Schakowsky, Janice D.",IL,9,Rep,IL9,Schakowsky,janschakowsky,Janice D. Schakowsky,Democrat,JanSchakowsky,36212
S001180,"Schrader, Kurt",OR,5,Rep,OR5,Schrader,repschrader,Kurt Schrader,Democrat,RepSchrader,22890
S001157,"Scott, David",GA,13,Rep,GA13,Scott,113303673339,David Scott,Democrat,RepDavidScott,17372
S000364,"Shimkus, John",IL,15,Rep,IL15,Shimkus,repshimkus,John Shimkus,Republican,RepShimkus,28655
S001148,"Simpson, Michael K.",ID,2,Rep,ID2,Simpson,96007744606,Michael K. Simpson,Republican,CongMikeSimpson,12799
S001191,"Sinema, Kyrsten",AZ,9,Rep,AZ9,Sinema,CongresswomanSinema,Kyrsten Sinema,Democrat,RepSinema,28723
S001165,"Sires, Albio",NJ,8,Rep,NJ8,Sires,81058818750,Albio Sires,Democrat,RepSires,16989
S001175,"Speier, Jackie",CA,14,Rep,CA14,Speier,JackieSpeier,Jackie Speier,Democrat,RepSpeier,120037
S001196,"Stefanik, Elise M.",NY,21,Rep,NY21,Stefanik,RepEliseStefanik,Elise M. Stefanik,Republican,RepStefanik,16770
S001187,"Stivers, Steve",OH,15,Rep,OH15,Stivers,116058275133542,Steve Stivers,Republican,RepSteveStivers,30044
T000473,"Takai, Mark",HI,1,Rep,HI1,Takai,repmarktakai,Mark Takai,Democrat,RepMarkTakai,2986
T000472,"Takano, Mark",CA,41,Rep,CA41,Takano,RepMarkTakano,Mark Takano,Democrat,RepMarkTakano,47052
T000462,"Tiberi, Patrick J.",OH,12,Rep,OH12,Tiberi,RepPatTiberi,Patrick J. Tiberi,Republican,pattiberi,15748
T000469,"Tonko, Paul",NY,20,Rep,NY20,Tonko,reppaultonko,Paul Tonko,Democrat,RepPaulTonko,23247
T000474,"Torres, Norma J.",CA,35,Rep,CA35,Torres,RepNormaTorres,Norma J. Torres,Democrat,NormaJTorres,11578
T000475,"Trott, David A.",MI,11,Rep,MI11,Trott,RepDaveTrott,David A. Trott,Republican,repdavetrott,12256
T000463,"Turner, Michael R.",OH,10,Rep,OH10,Turner,RepMikeTurner,Michael R. Turner,Republican,RepMikeTurner,19238
V000129,"Valadao, David G.",CA,21,Rep,CA21,Valadao,CongressmanDavidValadao,David G. Valadao,Republican,RepDavidValadao,15612
V000128,"Van Hollen, Chris",MD,8,Rep,MD8,Van Hollen,chrisvanhollen,Chris Van Hollen,Democrat,ChrisVanHollen,127718
V000130,"Vargas, Juan",CA,51,Rep,CA51,Vargas,RepJuanVargas,Juan Vargas,Democrat,RepJuanVargas,17759
V000131,"Veasey, Marc A.",TX,33,Rep,TX33,Veasey,CongressmanMarcVeasey,Marc A. Veasey,Democrat,RepVeasey,18464
V000081,"Velazquez, Nydia M.",NY,7,Rep,NY7,Velazquez,8037068318,Nydia M. Velázquez,Democrat,NydiaVelazquez,39319
W000812,"Wagner, Ann",MO,2,Rep,MO2,Wagner,RepAnnWagner,Ann Wagner,Republican,RepAnnWagner,18422
W000798,"Walberg, Tim",MI,7,Rep,MI7,Walberg,RepWalberg,Tim Walberg,Republican,RepWalberg,14994
W000791,"Walden, Greg",OR,2,Rep,OR2,Walden,repgregwalden,Greg Walden,Republican,RepGregWalden,25646
W000813,"Walorski, Jackie",IN,2,Rep,IN2,Walorski,RepJackieWalorski,Jackie Walorski,Republican,RepWalorski,15579
W000820,"Walters, Mimi",CA,45,Rep,CA45,Walters,RepMimiWalters,Mimi Walters,Republican,RepMimiWalters,12305
W000799,"Walz, Timothy J.",MN,1,Rep,MN1,Walz,,Timothy J. Walz,Democrat,RepTimWalz,28145
W000797,"Wasserman Schultz, Debbie",FL,23,Rep,FL23,Wasserman Schultz,RepDWS,Debbie Wasserman Schultz,Democrat,RepDWStweets,13008
W000187,"Waters, Maxine",CA,43,Rep,CA43,Waters,MaxineWaters,Maxine Waters,Democrat,RepMaxineWaters,746721
W000806,"Webster, Daniel",FL,10,Rep,FL10,Webster,RepWebster,Daniel Webster,Republican,RepWebster,20495
W000800,"Welch, Peter",VT,0,Rep,VT0,Welch,PeterWelch,Peter Welch,Democrat,PeterWelch,11315
W000815,"Wenstrup, Brad R.",OH,2,Rep,OH2,Wenstrup,RepBradWenstrup,Brad R. Wenstrup,Republican,RepBradWenstrup,18557
W000413,"Whitfield, Ed",KY,1,Rep,KY1,Whitfield,RepEdWhitfield,Ed Whitfield,Republican,RepEdWhitfield,8523
W000808,"Wilson, Frederica S.",FL,24,Rep,FL24,Wilson,RepWilson,Frederica S. Wilson,Democrat,RepWilson,62518
W000809,"Womack, Steve",AR,3,Rep,AR3,Womack,RepSteveWomack,Steve Womack,Republican,Rep_SteveWomack,17785
Y000062,"Yarmuth, John A.",KY,3,Rep,KY3,Yarmuth,214258646163,John A. Yarmuth,Democrat,RepJohnYarmuth,30299
Y000063,"Yoder, Kevin",KS,3,Rep,KS3,Yoder,CongressmanKevinYoder,Kevin Yoder,Republican,RepKevinYoder,28841
Y000066,"Young, David",IA,3,Rep,IA3,Young,RepDavidYoung,David Young,Republican,RepDavidYoung,11146
Z000017,"Zeldin, Lee M.",NY,1,Rep,NY1,Zeldin,RepLeeZeldin,Lee M. Zeldin,Republican,RepLeeZeldin,34996
S000522,"Smith, Christopher H.",NJ,4,Rep,NJ4,Smith,RepChrisSmith,Christopher H. Smith,Republican,RepChrisSmith,21287
A000374,"Abraham, Ralph Lee",LA,5,Rep,LA5,Abraham,CongressmanRalphAbraham,Ralph Lee Abraham,Republican,RepAbraham,12767
B001273,"Black, Diane",TN,6,Rep,TN6,Black,DianeBlackTN06,Diane Black,Republican,RepDianeBlack,26936
B000589,"Boehner, John A.",OH,8,Rep,OH8,Boehner,SpeakerJohnBoehner,John A. Boehner,Republican,SpeakerBoehner,1441035
D000533,"Duncan, John J., Jr.",TN,2,Rep,TN2,Duncan,CongressmanDuncan,"John J. Duncan, Jr.",Republican,RepJohnDuncanJr,5920
G000546,"Graves, Sam",MO,6,Rep,MO6,Graves,118514606128,Sam Graves,Republican,RepSamGraves,12486
H001053,"Hartzler, Vicky",MO,4,Rep,MO4,Hartzler,Congresswoman.Hartzler,Vicky Hartzler,Republican,RepHartzler,19443
J000290,"Jenkins, Lynn",KS,2,Rep,KS2,Jenkins,replynnjenkins,Lynn Jenkins,Republican,RepLynnJenkins,23565
L000571,"Lummis, Cynthia M.",WY,0,Rep,WY0,Lummis,152754318103332,Cynthia M. Lummis,Republican,CynthiaLummis,14150
M001184,"Massie, Thomas",KY,4,Rep,KY4,Massie,RepThomasMassie,Thomas Massie,Republican,RepThomasMassie,45986
M001165,"McCarthy, Kevin",CA,23,Rep,CA23,McCarthy,CongressmanKevinMcCarthy,Kevin McCarthy,Republican,GOPLeader,153205
P000592,"Poe, Ted",TX,2,Rep,TX2,Poe,106631626049851,Ted Poe,Republican,JudgeTedPoe,31559
R000591,"Roby, Martha",AL,2,Rep,AL2,Roby,Representative.Martha.Roby,Martha Roby,Republican,RepMarthaRoby,29289
S001189,"Scott, Austin",GA,8,Rep,GA8,Scott,RepAustinScott,Austin Scott,Republican,AustinScottGA08,17040
G000289,"Goodlatte, Bob",VA,6,Rep,VA6,Goodlatte,BobGoodlatte,Bob Goodlatte,Republican,RepGoodlatte,52161
A000369,"Amodei, Mark E.",NV,2,Rep,NV2,Amodei,MarkAmodeiNV2,Mark E. Amodei,Republican,MarkAmodeiNV2,12028
C001076,"Chaffetz, Jason",UT,3,Rep,UT3,Chaffetz,CongressmanJasonChaffetz,Jason Chaffetz,Republican,JasonInTheHouse,411790
D000191,"DeFazio, Peter A.",OR,4,Rep,OR4,DeFazio,RepPeterDeFazio,Peter A. DeFazio,Democrat,RepPeterDeFazio,24936
F000460,"Farenthold, Blake",TX,27,Rep,TX27,Farenthold,BlakeFarenthold,Blake Farenthold,Republican,Farenthold,-1
F000458,"Fincher, Stephen Lee",TN,8,Rep,TN8,Fincher,RepFincherTN08,Stephen Lee Fincher,Republican,RepFincherTN08,9120
F000445,"Forbes, J. Randy",VA,4,Rep,VA4,Forbes,randyforbes,J. Randy Forbes,Republican,Randy_Forbes,20304
H001065,"Holding, George",NC,13,Rep,NC13,Holding,CongressmanGeorgeHolding,George Holding,Republican,RepHolding,13301
H001034,"Honda, Michael M.",CA,17,Rep,CA17,Honda,RepMikeHonda,Michael M. Honda,Democrat,RepMikeHonda,24331
I000056,"Issa, Darrell E.",CA,49,Rep,CA49,Issa,darrellissa,Darrell E. Issa,Republican,DarrellIssa,294103
J000294,"Jeffries, Hakeem S.",NY,8,Rep,NY8,Jeffries,RepHakeemJeffries,Hakeem S. Jeffries,Democrat,RepJeffries,48009
L000560,"Larsen, Rick",WA,2,Rep,WA2,Larsen,RepRickLarsen,Rick Larsen,Democrat,RepRickLarsen,16925
S000583,"Smith, Lamar",TX,21,Rep,TX21,Smith,LamarSmithTX21,Lamar Smith,Republican,LamarSmithTX21,25654
S001193,"Swalwell, Eric",CA,15,Rep,CA15,Swalwell,CongressmanEricSwalwell,Eric Swalwell,Democrat,RepSwalwell,295591
T000460,"Thompson, Mike",CA,5,Rep,CA5,Thompson,RepMikeThompson,Mike Thompson,Democrat,RepThompson,21942
B001294,"Blum, Rod",IA,1,Rep,IA1,Blum,congressmanrodblum,Rod Blum,Republican,RepRodBlum,11342
C001053,"Cole, Tom",OK,4,Rep,OK4,Cole,TomColeOK04,Tom Cole,Republican,TomColeOK04,18594
D000621,"DeSantis, Ron",FL,6,Rep,FL6,DeSantis,RepDeSantis,Ron DeSantis,Republican,RepDeSantis,184839
F000372,"Frelinghuysen, Rodney P.",NJ,11,Rep,NJ11,Frelinghuysen,rfrelinghuysen,Rodney P. Frelinghuysen,Republican,USRepRodney,13719
M001182,"Mulvaney, Mick",SC,5,Rep,SC5,Mulvaney,MulvaneySC5,Mick Mulvaney,Republican,RepMickMulvaney,-1
A000370,"Adams, Alma S.",NC,12,Rep,NC12,Adams,CongresswomanAdams,Alma S. Adams,Democrat,RepAdams,10642
A000371,"Aguilar, Pete",CA,31,Rep,CA31,Aguilar,reppeteaguilar,Pete Aguilar,Democrat,reppeteaguilar,8158
B001270,"Bass, Karen",CA,37,Rep,CA37,Bass,RepKarenBass,Karen Bass,Democrat,RepKarenBass,83579
B001281,"Beatty, Joyce",OH,3,Rep,OH3,Beatty,RepJoyceBeatty,Joyce Beatty,Democrat,RepBeatty,24309
B000287,"Becerra, Xavier",CA,34,Rep,CA34,Becerra,XavierBecerra,Xavier Becerra,Democrat,RepBecerra,45
B001292,"Beyer, Donald S., Jr.",VA,8,Rep,VA8,Beyer,repdonbeyer,"Donald S. Beyer, Jr.",Democrat,repdonbeyer,59433
B000490,"Bishop, Sanford D., Jr.",GA,2,Rep,GA2,Bishop,sanfordbishop,"Sanford D. Bishop, Jr.",Democrat,SanfordBishop,16775
B000574,"Blumenauer, Earl",OR,3,Rep,OR3,Blumenauer,,Earl Blumenauer,Democrat,BlumenauerMedia,3087
C001083,"Carney, John C., Jr.",DE,0,Rep,DE0,Carney,JohnCarneyDE,John C. Carney Jr.,Democrat,JohnCarneyde,22038
C001072,"Carson, Andre",IN,7,Rep,IN7,Carson,CongressmanAndreCarson,André Carson,Democrat,RepAndreCarson,33272
C001049,"Clay, Wm. Lacy",MO,1,Rep,MO1,Clay,109135405838588,Wm. Lacy Clay,Democrat,,-1
C000537,"Clyburn, James E.",SC,6,Rep,SC6,Clyburn,jameseclyburn,James E. Clyburn,Democrat,Clyburn,56851
C001078,"Connolly, Gerald E.",VA,11,Rep,VA11,Connolly,CongressmanGerryConnolly,Gerald E. Connolly,Democrat,GerryConnolly,42781
C000714,"Conyers, John, Jr.",MI,13,Rep,MI13,Conyers,CongressmanConyers,"John Conyers, Jr.",Democrat,RepJohnConyers,43695
C001038,"Crowley, Joseph",NY,14,Rep,NY14,Crowley,repjoecrowley,Joseph Crowley,Democrat,RepJoeCrowley,29674
C001063,"Cuellar, Henry",TX,28,Rep,TX28,Cuellar,152569121550,Henry Cuellar,Democrat,RepCuellar,21160
C000984,"Cummings, Elijah E.",MD,7,Rep,MD7,Cummings,elijahcummings,Elijah E. Cummings,Democrat,RepCummings,200869
D000096,"Davis, Danny K.",IL,7,Rep,IL7,Davis,CongressmanDKDavis,Danny K. Davis,Democrat,RepDannyDavis,9695
D000216,"DeLauro, Rosa L.",CT,3,Rep,CT3,DeLauro,CongresswomanRosaDeLauro,Rosa L. DeLauro,Democrat,RosaDeLauro,35070
D000610,"Deutch, Theodore E.",FL,21,Rep,FL21,Deutch,CongressmanTedDeutch,Theodore E. Deutch,Democrat,RepTedDeutch,42937
D000399,"Doggett, Lloyd",TX,35,Rep,TX35,Doggett,lloyddoggett,Lloyd Doggett,Democrat,RepLloydDoggett,29380
E000293,"Esty, Elizabeth H.",CT,5,Rep,CT5,Esty,RepEsty,Elizabeth H. Esty,Democrat,RepEsty,22533
F000454,"Foster, Bill",IL,11,Rep,IL11,Foster,CongressmanBillFoster,Bill Foster,Democrat,RepBillFoster,48497
G000571,"Gabbard, Tulsi",HI,2,Rep,HI2,Gabbard,RepTulsiGabbard,Tulsi Gabbard,Democrat,TulsiPress,97408
G000574,"Gallego, Ruben",AZ,7,Rep,AZ7,Gallego,RepRubenGallego,Ruben Gallego,Democrat,RepRubenGallego,76757
G000575,"Graham, Gwen",FL,2,Rep,FL2,Graham,repgwengraham,Gwen Graham,Democrat,RepGwenGraham,-1
G000556,"Grayson, Alan",FL,9,Rep,FL9,Grayson,,Alan Grayson,Democrat,,-1
G000553,"Green, Al",TX,9,Rep,TX9,Green,repalgreen,Al Green,Democrat,RepAlGreen,48606
G000551,"Grijalva, Raul M.",AZ,3,Rep,AZ3,Grijalva,Rep.Grijalva,Raúl M. Grijalva,Democrat,RepraulGrijalva,31174
H001047,"Himes, James A.",CT,4,Rep,CT4,Himes,CongressmanJimHimes,James A. Himes,Democrat,JAHimes,73144
L000480,"Lowey, Nita M.",NY,17,Rep,NY17,Lowey,RepLowey,Nita M. Lowey,Democrat,NitaLowey,25318
L000580,"Lujan Grisham, Michelle",NM,1,Rep,NM1,Lujan Grisham,RepLujanGrisham,Michelle Lujan Grisham,Democrat,RepLujanGrisham,25725
L000562,"Lynch, Stephen F.",MA,8,Rep,MA8,Lynch,repstephenlynch,Stephen F. Lynch,Democrat,RepStephenLynch,16320
M001185,"Maloney, Sean Patrick",NY,18,Rep,NY18,Maloney,RepSeanMaloney,Sean Patrick Maloney,Democrat,RepSeanMaloney,25844
M001137,"Meeks, Gregory W.",NY,5,Rep,NY5,Meeks,gregorymeeksny05,Gregory W. Meeks,Democrat,GregoryMeeks,10
M001191,"Murphy, Patrick",FL,18,Rep,FL18,Murphy,CongressmanPatrickMurphy,Patrick Murphy,Democrat,RepMurphyFL,-1
N000179,"Napolitano, Grace F.",CA,32,Rep,CA32,Napolitano,RepGraceNapolitano,Grace F. Napolitano,Democrat,GraceNapolitano,28590
N000015,"Neal, Richard E.",MA,1,Rep,MA1,Neal,reprichardneal,Richard E. Neal,Democrat,RepRichardNeal,14719
N000188,"Norcross, Donald",NJ,1,Rep,NJ1,Norcross,DonaldNorcrossNJ,Donald Norcross,Democrat,DonaldNorcross,9103
P000096,"Pascrell, Bill, Jr.",NJ,9,Rep,NJ9,Pascrell,pascrell,"Bill Pascrell, Jr.",Democrat,BillPascrell,31463
P000197,"Pelosi, Nancy",CA,12,Rep,CA12,Pelosi,NancyPelosi,Nancy Pelosi,Democrat,NancyPelosi,1581519
P000597,"Pingree, Chellie",ME,1,Rep,ME1,Pingree,ChelliePingree,Chellie Pingree,Democrat,ChelliePingree,22724
P000610,"Plaskett, Stacey E.",VI,0,Rep,VI0,Plaskett,repstaceyplaskett,Stacey E. Plaskett,Democrat,staceyplaskett,5278
P000523,"Price, David E.",NC,4,Rep,NC4,Price,RepDavidEPrice,David E. Price,Democrat,RepDavidEPrice,22859
R000588,"Richmond, Cedric L.",LA,2,Rep,LA2,Richmond,RepRichmond,Cedric L. Richmond,Democrat,RepRichmond,25219
R000599,"Ruiz, Raul",CA,36,Rep,CA36,Ruiz,CongressmanRaulRuizMD,Raul Ruiz,Democrat,CongressmanRuiz,18981
S001177,"Sablan, Gregorio Kilili Camacho",MP,0,Rep,MP0,Sablan,153423912663,Gregorio Kilili Camacho Sablan,Independent,,-1
S001156,"Sanchez, Linda T.",CA,38,Rep,CA38,Sanchez,CongresswomanLindaSanchez,Linda T. Sánchez,Democrat,RepLindaSanchez,29089
S000030,"Sanchez, Loretta",CA,46,Rep,CA46,Sanchez,LorettaSanchez,Loretta Sanchez,Democrat,LorettaSanchez,19291
S001150,"Schiff, Adam B.",CA,28,Rep,CA28,Schiff,RepAdamSchiff,Adam B. Schiff,Democrat,RepAdamSchiff,913662
S000185,"Scott, Robert C. ""Bobby""",VA,3,Rep,VA3,Scott,RepBobbyScott,"Robert C. ""Bobby"" Scott",Democrat,BobbyScott,27062
S000248,"Serrano, Jose E.",NY,15,Rep,NY15,Serrano,RepJoseSerrano,José E. Serrano,Democrat,RepJoseSerrano,24235
S001185,"Sewell, Terri A.",AL,7,Rep,AL7,Sewell,RepSewell,Terri A. Sewell,Democrat,RepTerriSewell,30148
S000344,"Sherman, Brad",CA,30,Rep,CA30,Sherman,63158229861,Brad Sherman,Democrat,BradSherman,37384
S000480,"Slaughter, Louise McIntosh",NY,25,Rep,NY25,Slaughter,RepLouiseSlaughter,Louise McIntosh Slaughter,Democrat,LouiseSlaughter,25273
S000510,"Smith, Adam",WA,9,Rep,WA9,Smith,RepAdamSmith,Adam Smith,Democrat,RepAdamSmith,27795
T000193,"Thompson, Bennie G.",MS,2,Rep,MS2,Thompson,CongressmanBennieGThompson,Bennie G. Thompson,Democrat,BennieGThompson,8924
T000468,"Titus, Dina",NV,1,Rep,NV1,Titus,CongresswomanTitus,Dina Titus,Democrat,RepDinaTitus,31831
T000465,"Tsongas, Niki",MA,3,Rep,MA3,Tsongas,RepTsongas,Niki Tsongas,Democrat,NikiInTheHouse,21250
V000132,"Vela, Filemon",TX,34,Rep,TX34,Vela,USCongressmanFilemonVela,Filemon Vela,Democrat,RepFilemonVela,12496
V000108,"Visclosky, Peter J.",IN,1,Rep,IN1,Visclosky,repvisclosky,Peter J. Visclosky,Democrat,RepVisclosky,12103
W000822,"Watson Coleman, Bonnie",NJ,12,Rep,NJ12,Watson Coleman,RepBonnie,Bonnie Watson Coleman,Democrat,RepBonnie,12190
C000754,"Cooper, Jim",TN,5,Rep,TN5,Cooper,JimCooper,Jim Cooper,Democrat,RepJimCooper,21371
J000255,"Jones, Walter B., Jr.",NC,3,Rep,NC3,Jones,15083070102,Walter B. Jones,Republican,RepWalterJones,23448
S000244,"Sensenbrenner, F. James, Jr.",WI,5,Rep,WI5,Sensenbrenner,RepSensenbrenner,"F. James Sensenbrenner, Jr.",Republican,JimPressOffice,6293
B001283,"Bridenstine, Jim",OK,1,Rep,OK1,Bridenstine,CongressmanJimBridenstine,Jim Bridenstine,Republican,RepJBridenstine,22835
G000576,"Grothman, Glenn",WI,6,Rep,WI6,Grothman,RepGrothman,Glenn Grothman,Republican,RepGrothman,5080
J000289,"Jordan, Jim",OH,4,Rep,OH4,Jordan,repjimjordan,Jim Jordan,Republican,Jim_Jordan,162245
N000185,"Nugent, Richard B.",FL,11,Rep,FL11,Nugent,RepRichNugent,Richard B. Nugent,Republican,RepRichNugent,3379
P000599,"Posey, Bill",FL,8,Rep,FL8,Posey,bill.posey15,Bill Posey,Republican,CongBillPosey,19784
R000587,"Ribble, Reid J.",WI,8,Rep,WI8,Ribble,CongressmanReidRibble,Reid J. Ribble,Republican,RepRibble,10767
S001172,"Smith, Adrian",NE,3,Rep,NE3,Smith,,Adrian Smith,Republican,RepAdrianSmith,10335
B001282,"Barr, Andy",KY,6,Rep,KY6,Barr,RepAndyBarr,Andy Barr,Republican,RepAndyBarr,16816
B001290,"Brat, Dave",VA,7,Rep,VA7,Brat,RepDaveBrat,Dave Brat,Republican,RepDaveBrat,15044
B001274,"Brooks, Mo",AL,5,Rep,AL5,Brooks,RepMoBrooks,Mo Brooks,Republican,RepMoBrooks,26084
C001102,"Clawson, Curt",FL,19,Rep,FL19,Clawson,RepCurtClawson,Curt Clawson,Republican,RepCurtClawson,2914
C001087,"Crawford, Eric A. ""Rick""",AR,1,Rep,AR1,Crawford,RepRickCrawford,"Eric A. ""Rick"" Crawford",Republican,RepRickCrawford,16005
D000614,"Duffy, Sean P.",WI,7,Rep,WI7,Duffy,RepSeanDuffy,Sean P. Duffy,Republican,RepSeanDuffy,33070
E000294,"Emmer, Tom",MN,6,Rep,MN6,Emmer,reptomemmer,Tom Emmer,Republican,RepTomEmmer,10300
F000459,"Fleischmann, Charles J. ""Chuck""",TN,3,Rep,TN3,Fleischmann,repchuck,"Charles J. ""Chuck"" Fleischmann",Republican,RepChuck,13351
F000448,"Franks, Trent",AZ,8,Rep,AZ8,Franks,TrentFranks,Trent Franks,Republican,RepTrentFranks,-1
J000296,"Jolly, David",FL,13,Rep,FL13,Jolly,repdavidjolly,David W. Jolly,Republican,USRepDavidJolly,5799
K000362,"King, Steve",IA,4,Rep,IA4,King,stevekingia,Steve King,Republican,SteveKingIA,88469
L000564,"Lamborn, Doug",CO,5,Rep,CO5,Lamborn,CongressmanDougLamborn,Doug Lamborn,Republican,RepDLamborn,15747
M001193,"MacArthur, Thomas",NJ,3,Rep,NJ3,MacArthur,CongressmanTomMacArthur,Thomas MacArthur,Republican,RepTomMacArthur,14161
M001197,"McSally, Martha",AZ,2,Rep,AZ2,McSally,RepMcSally,Martha McSally,Republican,RepMcSally,32286
M001181,"Meehan, Patrick",PA,7,Rep,PA7,Meehan,CongressmanPatrickMeehan,Patrick Meehan,Republican,RepMeehan,18358
M000689,"Mica, John L.",FL,7,Rep,FL7,Mica,JohnMica,John L. Mica,Republican,,-1
N000182,"Neugebauer, Randy",TX,19,Rep,TX19,Neugebauer,rep.randy.neugebauer,Randy Neugebauer,Republican,RandyNeugebauer,14348
N000189,"Newhouse, Dan",WA,4,Rep,WA4,Newhouse,RepNewhouse,Dan Newhouse,Republican,RepNewhouse,9488
P000601,"Palazzo, Steven M.",MS,4,Rep,MS4,Palazzo,stevenpalazzo,Steven M. Palazzo,Republican,CongPalazzo,14106
R000586,"Renacci, James B.",OH,16,Rep,OH16,Renacci,repjimrenacci,James B. Renacci,Republican,RepJimRenacci,28367
R000597,"Rice, Tom",SC,7,Rep,SC7,Rice,reptomrice,Tom Rice,Republican,RepTomRice,14643
S001179,"Schock, Aaron",IL,18,Rep,IL18,Schock,RepAaronSchock,Aaron Schock,Republican,AaronSchock,27207
S001195,"Smith, Jason",MO,8,Rep,MO8,Smith,repjasonsmith,Jason Smith,Republican,RepJasonSmith,26969
S001192,"Stewart, Chris",UT,2,Rep,UT2,Stewart,RepChrisStewart,Chris Stewart,Republican,RepChrisStewart,17929
T000467,"Thompson, Glenn",PA,5,Rep,PA5,Thompson,CongressmanGT,Glenn Thompson,Republican,CongressmanGT,18682
W000796,"Westmoreland, Lynn A.",GA,3,Rep,GA3,Westmoreland,71389451419,Lynn A. Westmoreland,Republican,RepWestmoreland,-1
W000816,"Williams, Roger",TX,25,Rep,TX25,Williams,RepRogerWilliams,Roger Williams,Republican,RepRWilliams,9630
W000804,"Wittman, Robert J.",VA,1,Rep,VA1,Wittman,RepRobWittman,Robert J. Wittman,Republican,RobWittman,25826
W000810,"Woodall, Rob",GA,7,Rep,GA7,Woodall,RepRobWoodall,Rob Woodall,Republican,RepRobWoodall,9265
Y000065,"Yoho, Ted S.",FL,3,Rep,FL3,Yoho,CongressmanTedYoho,Ted S. Yoho,Republican,RepTedYoho,25072
A000367,"Amash, Justin",MI,3,Rep,MI3,Amash,repjustinamash,Justin Amash,Republican,,-1
B001260,"Buchanan, Vern",FL,16,Rep,FL16,Buchanan,CongressmanBuchanan,Vern Buchanan,Republican,VernBuchanan,26798
C001103,"Carter, Earl L. ""Buddy""",GA,1,Rep,GA1,Carter,congressmanbuddycarter,"Earl L. ""Buddy"" Carter",Republican,RepBuddyCarter,11490
C001051,"Carter, John R.",TX,31,Rep,TX31,Carter,judgecarter,John R. Carter,Republican,JudgeCarter,14392
D000615,"Duncan, Jeff",SC,3,Rep,SC3,Duncan,RepJeffDuncan,Jeff Duncan,Republican,RepJeffDuncan,55897
F000456,"Fleming, John",LA,4,Rep,LA4,Fleming,repjohnfleming,John Fleming,Republican,RepFleming,13393
G000548,"Garrett, Scott",NJ,5,Rep,NJ5,Garrett,repscottgarrett,Scott Garrett,Republican,RepGarrett,6603
G000552,"Gohmert, Louie",TX,1,Rep,TX1,Gohmert,50375006903,Louie Gohmert,Republican,RepLouieGohmert,107538
G000566,"Gowdy, Trey",SC,4,Rep,SC4,Gowdy,RepTreyGowdy,Trey Gowdy,Republican,TGowdySC,841151
G000560,"Graves, Tom",GA,14,Rep,GA14,Graves,reptomgraves,Tom Graves,Republican,RepTomGraves,17662
H001071,"Hice, Jody B.",GA,10,Rep,GA10,Hice,CongressmanJodyHice,Jody B. Hice,Republican,congressmanhice,14602
H001057,"Huelskamp, Tim",KS,1,Rep,KS1,Huelskamp,congressmanhuelskamp,Tim Huelskamp,Republican,CongHuelskamp,20185
H001073,"Hurd, Will",TX,23,Rep,TX23,Hurd,HurdOnTheHill,Will Hurd,Republican,hurdonthehill,25133
H001060,"Hurt, Robert",VA,5,Rep,VA5,Hurt,RepRobertHurt,Robert Hurt,Republican,RepRobertHurt,16652
J000174,"Johnson, Sam",TX,3,Rep,TX3,Johnson,RepSamJohnson,Sam Johnson,Republican,SamsPressShop,10696
K000388,"Kelly, Trent",MS,1,Rep,MS1,Kelly,reptrentkelly,Trent Kelly,Republican,reptrentkelly,11508
L000573,"Labrador, Raul R.",ID,1,Rep,ID1,Labrador,raul.r.labrador,Raúl R. Labrador,Republican,Raul_Labrador,22022
L000585,"LaHood, Darin",IL,18,Rep,IL18,LaHood,replahood,Darin LaHood,Republican,RepLaHood,9184
L000583,"Loudermilk, Barry",GA,11,Rep,GA11,Loudermilk,reploudermilk,Barry Loudermilk,Republican,RepLoudermilk,13224
L000584,"Love, Mia B.",UT,4,Rep,UT4,Love,repmialove,Mia B. Love,Republican,repmialove,36739
L000491,"Lucas, Frank D.",OK,3,Rep,OK3,Lucas,RepFrankLucas,Frank D. Lucas,Republican,RepFrankLucas,13843
N000184,"Noem, Kristi L.",SD,0,Rep,SD0,Noem,,Kristi L. Noem,Republican,RepKristiNoem,27226
P000609,"Palmer, Gary J.",AL,6,Rep,AL6,Palmer,CongressmanGaryPalmer,Gary J. Palmer,Republican,USRepGaryPalmer,13913
P000591,"Price, Tom",GA,6,Rep,GA6,Price,reptomprice,Tom Price,Republican,RepTomPrice,39588
R000409,"Rohrabacher, Dana",CA,48,Rep,CA48,Rohrabacher,RepRohrabacher,Dana Rohrabacher,Republican,reprohrabacher,5102
R000598,"Rothfus, Keith J.",PA,12,Rep,PA12,Rothfus,keithrothfus,Keith J. Rothfus,Republican,KeithRothfus,9707
R000604,"Russell, Steve",OK,5,Rep,OK5,Russell,reprussell,Steve Russell,Republican,RepRussell,7781
S000051,"Sanford, Mark",SC,1,Rep,SC1,Sanford,RepSanfordSC,Mark Sanford,Republican,RepSanfordSC,12059
S001183,"Schweikert, David",AZ,6,Rep,AZ6,Schweikert,repdavidschweikert,David Schweikert,Republican,RepDavid,22516
S001188,"Stutzman, Marlin A.",IN,3,Rep,IN3,Stutzman,CongressmanMarlinStutzman,Marlin A. Stutzman,Republican,RepStutzman,7982
T000470,"Tipton, Scott  R.",CO,3,Rep,CO3,Tipton,CongressmanScottTipton,Scott R. Tipton,Republican,RepTipton,18764
W000819,"Walker, Mark",NC,6,Rep,NC6,Walker,RepMarkWalker,Mark Walker,Republican,RepMarkWalker,10572
W000814,"Weber, Randy K., Sr.",TX,14,Rep,TX14,Weber,TXRandy14,"Randy K. Weber, Sr.",Republican,TXRandy14,13433
W000795,"Wilson, Joe",SC,2,Rep,SC2,Wilson,JoeWilson,Joe Wilson,Republican,RepJoeWilson,11805
Y000033,"Young, Don",AK,0,Rep,AK0,Young,RepDonYoung,Don Young,Republican,RepDonYoung,16455
Y000064,"Young, Todd C.",IN,9,Rep,IN9,Young,SenatorToddYoung,Todd Young,Republican,SenToddYoung,36046
G000377,"Granger, Kay",TX,12,Rep,TX12,Granger,RepKayGranger,Kay Granger,Republican,RepKayGranger,17741
H001036,"Hensarling, Jeb",TX,5,Rep,TX5,Hensarling,RepHensarling,Jeb Hensarling,Republican,RepHensarling,25024
R000583,"Rooney, Thomas J.",FL,17,Rep,FL17,Rooney,reptomrooney,Thomas J. Rooney,Republican,TomRooney,22260
T000238,"Thornberry, Mac",TX,13,Rep,TX13,Thornberry,repmacthornberry,Mac Thornberry,Republican,MacTXPress,12896
P000258,"Peterson, Collin C.",MN,7,Rep,MN7,Peterson,,Collin C. Peterson,Democrat,,-1
R000395,"Rogers, Harold",KY,5,Rep,KY5,Rogers,CongressmanHalRogers,Harold Rogers,Republican,RepHalRogers,14261
P000611,"Poliquin, Bruce",ME,2,Rep,ME2,Poliquin,RepPoliquin,Bruce Poliquin,Republican,RepPoliquin,8690
R000578,"Reichert, David G.",WA,8,Rep,WA8,Reichert,repdavereichert,David G. Reichert,Republican,DaveReichert,20405
A000055,"Aderholt, Robert B.",AL,4,Rep,AL4,Aderholt,RobertAderholt,Robert B. Aderholt,Republican,Robert_Aderholt,20701
G000577,"Graves, Garret",LA,6,Rep,LA6,Graves,CongressmanGarretGraves,Garret Graves,Republican,RepGarretGraves,7979
K000210,"King, Peter T.",NY,2,Rep,NY2,King,reppeteking,Peter T. King,Republican,RepPeteKing,33175
N000181,"Nunes, Devin",CA,22,Rep,CA22,Nunes,,Devin Nunes,Republican,RepDevinNunes,24076
N000186,"Nunnelee, Alan",MS,1,Rep,MS1,Nunnelee,CongressmanNunnelee,Alan Nunnelee,Republican,RepAlanNunnelee,-1
D000626,"Davidson, Warren",OH,8,Rep,OH8,Davidson,CongressmanWarrenDavidson,Warren Davidson,Republican,WarrenDavidson,7573
R000600,"Radewagen, Aumua Amata Coleman",AS,0,Rep,AS0,Radewagen,aumuaamata,Aumua Amata Coleman Radewagen,Republican,RepAmata,1958
E000296,"Evans, Dwight",PA,2,Rep,PA2,Evans,RepDwightEvans,Dwight Evans,Democrat,RepDwightEvans,10808
H001050,"Hanabusa, Colleen W.",HI,1,Rep,HI1,Hanabusa,RepColleenHanabusa,Colleen Hanabusa,Democrat,RepHanabusa,11531
