_sort_name,_state,_district,_title,_full_district,_last_name,_facebook,_clean_name,_party,_twitter,_twitter_followers
"Rogers, Harold",KY,5,Rep,KY5,Rogers,CongressmanHalRogers,Harold Rogers,Republican,RepHalRogers,TO GET LATER
"Cantor, Eric",VA,7,Rep,VA7,Cantor,,Eric Cantor,Republican,EricCantor,TO GET LATER
"Adams, Sandy",FL,24,Rep,FL24,Adams,,Sandy Adams,Republican,,TO GET LATER
"Aderholt, Robert B.",AL,4,Rep,AL4,Aderholt,RobertAderholt,Robert B. Aderholt,Republican,Robert_Aderholt,TO GET LATER
"Akin, W. Todd",MO,2,Rep,MO2,Akin,,W. Todd Akin,Republican,,TO GET LATER
"Alexander, Rodney",LA,5,Rep,LA5,Alexander,,Rodney Alexander,Republican,,TO GET LATER
"Amash, Justin",MI,3,Rep,MI3,Amash,repjustinamash,Justin Amash,Republican,,TO GET LATER
"Bachmann, Michele",MN,6,Rep,MN6,Bachmann,,Michele Bachmann,Republican,MicheleBachmann,TO GET LATER
"Bachus, Spencer",AL,6,Rep,AL6,Bachus,,Spencer Bachus,Republican,,TO GET LATER
"Bartlett, Roscoe G.",MD,6,Rep,MD6,Bartlett,,Roscoe G. Bartlett,Republican,,TO GET LATER
"Barton, Joe",TX,6,Rep,TX6,Barton,RepJoeBarton,Joe Barton,Republican,RepJoeBarton,TO GET LATER
"Benishek, Dan",MI,1,Rep,MI1,Benishek,CongressmanDan,Dan Benishek,Republican,CongressmanDan,TO GET LATER
"Berg, Rick",ND,0,Rep,ND0,Berg,,Rick Berg,Republican,,TO GET LATER
"Biggert, Judy",IL,13,Rep,IL13,Biggert,,Judy Biggert,Republican,,TO GET LATER
"Bilbray, Brian P.",CA,50,Rep,CA50,Bilbray,,Brian P. Bilbray,Republican,,TO GET LATER
"Bilirakis, Gus M.",FL,9,Rep,FL9,Bilirakis,GusBilirakis,Gus M. Bilirakis,Republican,RepGusBilirakis,TO GET LATER
"Bishop, Rob",UT,1,Rep,UT1,Bishop,RepRobBishop,Rob Bishop,Republican,RepRobBishop,TO GET LATER
"Black, Diane",TN,6,Rep,TN6,Black,DianeBlackTN06,Diane Black,Republican,RepDianeBlack,TO GET LATER
"Blackburn, Marsha",TN,7,Rep,TN7,Blackburn,marshablackburn,Marsha Blackburn,Republican,MarshaBlackburn,TO GET LATER
"Bonner, Jo",AL,1,Rep,AL1,Bonner,,Jo Bonner,Republican,,TO GET LATER
"Bono Mack, Mary",CA,45,Rep,CA45,Bono Mack,,Mary Bono Mack,Republican,,TO GET LATER
"Boustany, Charles W., Jr.",LA,7,Rep,LA7,Boustany,RepBoustany,Charles W. Boustany Jr.,Republican,RepBoustany,TO GET LATER
"Brady, Kevin",TX,8,Rep,TX8,Brady,kevinbrady,Kevin Brady,Republican,RepKevinBrady,TO GET LATER
"Buchanan, Vern",FL,13,Rep,FL13,Buchanan,CongressmanBuchanan,Vern Buchanan,Republican,VernBuchanan,TO GET LATER
"Bucshon, Larry",IN,8,Rep,IN8,Bucshon,RepLarryBucshon,Larry Bucshon,Republican,RepLarryBucshon,TO GET LATER
"Buerkle, Ann Marie",NY,25,Rep,NY25,Buerkle,,Ann Marie Buerkle,Republican,,TO GET LATER
"Burgess, Michael C.",TX,26,Rep,TX26,Burgess,michaelcburgess,Michael C. Burgess,Republican,MichaelCBurgess,TO GET LATER
"Burton, Dan",IN,5,Rep,IN5,Burton,,Dan Burton,Republican,,TO GET LATER
"Calvert, Ken",CA,44,Rep,CA44,Calvert,70063393423,Ken Calvert,Republican,KenCalvert,TO GET LATER
"Camp, Dave",MI,4,Rep,MI4,Camp,,Dave Camp,Republican,RepDaveCamp,TO GET LATER
"Campbell, John",CA,48,Rep,CA48,Campbell,,John Campbell,Republican,,TO GET LATER
"Canseco, Francisco ""Quico""",TX,23,Rep,TX23,Canseco,,"Francisco ""Quico"" Canseco",Republican,,TO GET LATER
"Carter, John R.",TX,31,Rep,TX31,Carter,judgecarter,John R. Carter,Republican,JudgeCarter,TO GET LATER
"Cassidy, Bill",LA,6,Rep,LA6,Cassidy,,Bill Cassidy,Republican,BillCassidy,TO GET LATER
"Chabot, Steve",OH,1,Rep,OH1,Chabot,RepSteveChabot,Steve Chabot,Republican,RepSteveChabot,TO GET LATER
"Chaffetz, Jason",UT,3,Rep,UT3,Chaffetz,CongressmanJasonChaffetz,Jason Chaffetz,Republican,JasonInTheHouse,TO GET LATER
"Coble, Howard",NC,6,Rep,NC6,Coble,,Howard Coble,Republican,,TO GET LATER
"Coffman, Mike",CO,6,Rep,CO6,Coffman,repmikecoffman,Mike Coffman,Republican,RepMikeCoffman,TO GET LATER
"Cole, Tom",OK,4,Rep,OK4,Cole,TomColeOK04,Tom Cole,Republican,TomColeOK04,TO GET LATER
"Conaway, K. Michael",TX,11,Rep,TX11,Conaway,mike.conaway,K. Michael Conaway,Republican,ConawayTX11,TO GET LATER
"Cravaack, Chip",MN,8,Rep,MN8,Cravaack,,Chip Cravaack,Republican,,TO GET LATER
"Crawford, Eric A. ""Rick""",AR,1,Rep,AR1,Crawford,RepRickCrawford,"Eric A. ""Rick"" Crawford",Republican,RepRickCrawford,TO GET LATER
"Culberson, John Abney",TX,7,Rep,TX7,Culberson,CongressmanCulberson,John Abney Culberson,Republican,CongCulberson,TO GET LATER
"Davis, Geoff",KY,4,Rep,KY4,Davis,,Geoff Davis,Republican,,TO GET LATER
"Denham, Jeff",CA,19,Rep,CA19,Denham,RepJeffDenham,Jeff Denham,Republican,RepJeffDenham,TO GET LATER
"Dent, Charles W.",PA,15,Rep,PA15,Dent,CongressmanDent,Charles W. Dent,Republican,RepCharlieDent,TO GET LATER
"DesJarlais, Scott",TN,4,Rep,TN4,DesJarlais,ScottDesJarlaisTN04,Scott DesJarlais,Republican,DesJarlaisTN04,TO GET LATER
"Diaz-Balart, Mario",FL,21,Rep,FL21,Diaz-Balart,mdiazbalart,Mario Diaz-Balart,Republican,MarioDB,TO GET LATER
"Dreier, David",CA,26,Rep,CA26,Dreier,,David Dreier,Republican,,TO GET LATER
"Duncan, Jeff",SC,3,Rep,SC3,Duncan,RepJeffDuncan,Jeff Duncan,Republican,RepJeffDuncan,TO GET LATER
"Duncan, John J., Jr.",TN,2,Rep,TN2,Duncan,CongressmanDuncan,"John J. Duncan, Jr.",Republican,RepJohnDuncanJr,TO GET LATER
"Ellmers, Renee L.",NC,2,Rep,NC2,Ellmers,reneeellmers,Renee L. Ellmers,Republican,RepReneeEllmers,TO GET LATER
"Emerson, Jo Ann",MO,8,Rep,MO8,Emerson,,Jo Ann Emerson,Republican,,TO GET LATER
"Farenthold, Blake",TX,27,Rep,TX27,Farenthold,BlakeFarenthold,Blake Farenthold,Republican,Farenthold,TO GET LATER
"Fincher, Stephen Lee",TN,8,Rep,TN8,Fincher,RepFincherTN08,Stephen Lee Fincher,Republican,RepFincherTN08,TO GET LATER
"Fitzpatrick, Michael G.",PA,8,Rep,PA8,Fitzpatrick,RepFitzpatrick,Michael G. Fitzpatrick,Republican,RepFitzpatrick,TO GET LATER
"Flake, Jeff",AZ,6,Rep,AZ6,Flake,senatorjeffflake,Jeff Flake,Republican,JeffFlake,TO GET LATER
"Fleischmann, Charles J. ""Chuck""",TN,3,Rep,TN3,Fleischmann,repchuck,"Charles J. ""Chuck"" Fleischmann",Republican,RepChuck,TO GET LATER
"Flores, Bill",TX,17,Rep,TX17,Flores,RepBillFlores,Bill Flores,Republican,RepBillFlores,TO GET LATER
"Foxx, Virginia",NC,5,Rep,NC5,Foxx,RepVirginiaFoxx,Virginia Foxx,Republican,VirginiaFoxx,TO GET LATER
"Frelinghuysen, Rodney P.",NJ,11,Rep,NJ11,Frelinghuysen,rfrelinghuysen,Rodney P. Frelinghuysen,Republican,USRepRodney,TO GET LATER
"Gallegly, Elton",CA,24,Rep,CA24,Gallegly,,Elton Gallegly,Republican,,TO GET LATER
"Gardner, Cory",CO,4,Rep,CO4,Gardner,SenCoryGardner,Cory Gardner,Republican,SenCoryGardner,TO GET LATER
"Garrett, Scott",NJ,5,Rep,NJ5,Garrett,repscottgarrett,Scott Garrett,Republican,RepGarrett,TO GET LATER
"Gibbs, Bob",OH,18,Rep,OH18,Gibbs,RepBobGibbs,Bob Gibbs,Republican,RepBobGibbs,TO GET LATER
"Gingrey, Phil",GA,11,Rep,GA11,Gingrey,,Phil Gingrey,Republican,,TO GET LATER
"Gohmert, Louie",TX,1,Rep,TX1,Gohmert,50375006903,Louie Gohmert,Republican,RepLouieGohmert,TO GET LATER
"Goodlatte, Bob",VA,6,Rep,VA6,Goodlatte,BobGoodlatte,Bob Goodlatte,Republican,RepGoodlatte,TO GET LATER
"Gosar, Paul A.",AZ,1,Rep,AZ1,Gosar,repgosar,Paul A. Gosar,Republican,RepGosar,TO GET LATER
"Granger, Kay",TX,12,Rep,TX12,Granger,RepKayGranger,Kay Granger,Republican,RepKayGranger,TO GET LATER
"Graves, Sam",MO,6,Rep,MO6,Graves,118514606128,Sam Graves,Republican,RepSamGraves,TO GET LATER
"Graves, Tom",GA,9,Rep,GA9,Graves,reptomgraves,Tom Graves,Republican,RepTomGraves,TO GET LATER
"Griffin, Tim",AR,2,Rep,AR2,Griffin,,Tim Griffin,Republican,,TO GET LATER
"Griffith, H. Morgan",VA,9,Rep,VA9,Griffith,RepMorganGriffith,H. Morgan Griffith,Republican,RepMGriffith,TO GET LATER
"Grimm, Michael G.",NY,13,Rep,NY13,Grimm,,Michael G. Grimm,Republican,,TO GET LATER
"Guinta, Frank C.",NH,1,Rep,NH1,Guinta,repfrankguinta,Frank C. Guinta,Republican,RepFrankGuinta,TO GET LATER
"Guthrie, Brett",KY,2,Rep,KY2,Guthrie,CongressmanGuthrie,Brett Guthrie,Republican,RepGuthrie,TO GET LATER
"Harper, Gregg",MS,3,Rep,MS3,Harper,GreggHarper,Gregg Harper,Republican,GreggHarper,TO GET LATER
"Hartzler, Vicky",MO,4,Rep,MO4,Hartzler,Congresswoman.Hartzler,Vicky Hartzler,Republican,RepHartzler,TO GET LATER
"Hastings, Doc",WA,4,Rep,WA4,Hastings,,Doc Hastings,Republican,,TO GET LATER
"Hayworth, Nan A. S.",NY,19,Rep,NY19,Hayworth,,Nan A. S. Hayworth,Republican,,TO GET LATER
"Heller, Dean",NV,2,Rep,NV2,Heller,,,,,TO GET LATER
"Hensarling, Jeb",TX,5,Rep,TX5,Hensarling,RepHensarling,Jeb Hensarling,Republican,RepHensarling,TO GET LATER
"Herger, Wally",CA,2,Rep,CA2,Herger,,Wally Herger,Republican,,TO GET LATER
"Huelskamp, Tim",KS,1,Rep,KS1,Huelskamp,congressmanhuelskamp,Tim Huelskamp,Republican,CongHuelskamp,TO GET LATER
"Huizenga, Bill",MI,2,Rep,MI2,Huizenga,RepHuizenga,Bill Huizenga,Republican,RepHuizenga,TO GET LATER
"Hunter, Duncan D.",CA,52,Rep,CA52,Hunter,DuncanHunter,Duncan Hunter,Republican,Rep_Hunter,TO GET LATER
"Hurt, Robert",VA,5,Rep,VA5,Hurt,RepRobertHurt,Robert Hurt,Republican,RepRobertHurt,TO GET LATER
"Issa, Darrell E.",CA,49,Rep,CA49,Issa,darrellissa,Darrell E. Issa,Republican,DarrellIssa,TO GET LATER
"Jenkins, Lynn",KS,2,Rep,KS2,Jenkins,replynnjenkins,Lynn Jenkins,Republican,RepLynnJenkins,TO GET LATER
"Johnson, Bill",OH,6,Rep,OH6,Johnson,RepBillJohnson,Bill Johnson,Republican,RepBillJohnson,TO GET LATER
"Johnson, Sam",TX,3,Rep,TX3,Johnson,RepSamJohnson,Sam Johnson,Republican,SamsPressShop,TO GET LATER
"Johnson, Timothy V.",IL,15,Rep,IL15,Johnson,,Timothy V. Johnson,Republican,,TO GET LATER
"Jones, Walter B., Jr.",NC,3,Rep,NC3,Jones,15083070102,Walter B. Jones,Republican,RepWalterJones,TO GET LATER
"King, Steve",IA,5,Rep,IA5,King,stevekingia,Steve King,Republican,SteveKingIA,TO GET LATER
"Kinzinger, Adam",IL,11,Rep,IL11,Kinzinger,RepKinzinger,Adam Kinzinger,Republican,RepKinzinger,TO GET LATER
"Kline, John",MN,2,Rep,MN2,Kline,repjohnkline,John Kline,Republican,RepJohnKline,TO GET LATER
"Labrador, Raul R.",ID,1,Rep,ID1,Labrador,raul.r.labrador,Raúl R. Labrador,Republican,Raul_Labrador,TO GET LATER
"Lamborn, Doug",CO,5,Rep,CO5,Lamborn,CongressmanDougLamborn,Doug Lamborn,Republican,RepDLamborn,TO GET LATER
"Lance, Leonard",NJ,7,Rep,NJ7,Lance,CongressmanLance,Leonard Lance,Republican,RepLanceNJ7,TO GET LATER
"Landry, Jeffrey M.",LA,3,Rep,LA3,Landry,,Jeffrey M. Landry,Republican,,TO GET LATER
"Lankford, James",OK,5,Rep,OK5,Lankford,SenatorLankford,James Lankford,Republican,SenatorLankford,TO GET LATER
"LaTourette, Steven C.",OH,14,Rep,OH14,LaTourette,,Steven C. LaTourette,Republican,,TO GET LATER
"Latta, Robert E.",OH,5,Rep,OH5,Latta,boblatta,Robert E. Latta,Republican,BobLatta,TO GET LATER
"Lee, Christopher J.",NY,26,Rep,NY26,Lee,,Christopher Lee,Republican,,TO GET LATER
"Lewis, Jerry",CA,41,Rep,CA41,Lewis,,Jerry Lewis,Republican,,TO GET LATER
"LoBiondo, Frank A.",NJ,2,Rep,NJ2,LoBiondo,FrankLoBiondo,Frank A. LoBiondo,Republican,RepLoBiondo,TO GET LATER
"Lucas, Frank D.",OK,3,Rep,OK3,Lucas,RepFrankLucas,Frank D. Lucas,Republican,RepFrankLucas,TO GET LATER
"Luetkemeyer, Blaine",MO,9,Rep,MO9,Luetkemeyer,BlaineLuetkemeyer,Blaine Luetkemeyer,Republican,RepBlaine,TO GET LATER
"Lummis, Cynthia M.",WY,0,Rep,WY0,Lummis,152754318103332,Cynthia M. Lummis,Republican,CynthiaLummis,TO GET LATER
"Mack, Connie",FL,14,Rep,FL14,Mack,,Connie Mack,Republican,,TO GET LATER
"Marchant, Kenny",TX,24,Rep,TX24,Marchant,RepKennyMarchant,Kenny Marchant,Republican,RepKenMarchant,TO GET LATER
"Marino, Tom",PA,10,Rep,PA10,Marino,CongressmanMarino,Tom Marino,Republican,RepTomMarino,TO GET LATER
"McCarthy, Kevin",CA,22,Rep,CA22,McCarthy,CongressmanKevinMcCarthy,Kevin McCarthy,Republican,GOPLeader,TO GET LATER
"McCotter, Thaddeus G.",MI,11,Rep,MI11,McCotter,,Thad McCotter,Republican,,TO GET LATER
"McKeon, Howard P. ""Buck""",CA,25,Rep,CA25,McKeon,,"Howard P. ""Buck"" McKeon",Republican,,TO GET LATER
"McKinley, David B.",WV,1,Rep,WV1,McKinley,RepMcKinley,David B. McKinley,Republican,RepMcKinley,TO GET LATER
"McMorris Rodgers, Cathy",WA,5,Rep,WA5,McMorris Rodgers,mcmorrisrodgers,Cathy McMorris Rodgers,Republican,CathyMcMorris,TO GET LATER
"Miller, Candice S.",MI,10,Rep,MI10,Miller,CongresswomanCandiceMiller,Candice S. Miller,Republican,CandiceMiller,TO GET LATER
"Miller, Gary G.",CA,42,Rep,CA42,Miller,,Gary G. Miller,Republican,,TO GET LATER
"Miller, Jeff",FL,1,Rep,FL1,Miller,RepJeffMiller,Jeff Miller,Republican,,TO GET LATER
"Mulvaney, Mick",SC,5,Rep,SC5,Mulvaney,MulvaneySC5,Mick Mulvaney,Republican,RepMickMulvaney,TO GET LATER
"Myrick, Sue Wilkins",NC,9,Rep,NC9,Myrick,,Sue Wilkins Myrick,Republican,,TO GET LATER
"Neugebauer, Randy",TX,19,Rep,TX19,Neugebauer,rep.randy.neugebauer,Randy Neugebauer,Republican,RandyNeugebauer,TO GET LATER
"Noem, Kristi L.",SD,0,Rep,SD0,Noem,,Kristi L. Noem,Republican,RepKristiNoem,TO GET LATER
"Nugent, Richard B.",FL,5,Rep,FL5,Nugent,RepRichNugent,Richard B. Nugent,Republican,RepRichNugent,TO GET LATER
"Nunnelee, Alan",MS,1,Rep,MS1,Nunnelee,CongressmanNunnelee,Alan Nunnelee,Republican,RepAlanNunnelee,TO GET LATER
"Olson, Pete",TX,22,Rep,TX22,Olson,Rep.PeteOlson,Pete Olson,Republican,RepPeteOlson,TO GET LATER
"Palazzo, Steven M.",MS,4,Rep,MS4,Palazzo,stevenpalazzo,Steven M. Palazzo,Republican,CongPalazzo,TO GET LATER
"Paul, Ron",TX,14,Rep,TX14,Paul,,Ron Paul,Republican,RonPaul,TO GET LATER
"Pearce, Stevan",NM,2,Rep,NM2,Pearce,RepStevePearce,Stevan Pearce,Republican,RepStevePearce,TO GET LATER
"Pence, Mike",IN,6,Rep,IN6,Pence,mikepence,Mike Pence,Republican,mike_pence,TO GET LATER
"Petri, Thomas E.",WI,6,Rep,WI6,Petri,,Thomas E. Petri,Republican,,TO GET LATER
"Pitts, Joseph R.",PA,16,Rep,PA16,Pitts,94156528752,Joseph R. Pitts,Republican,RepJoePitts,TO GET LATER
"Platts, Todd Russell",PA,19,Rep,PA19,Platts,,Todd Russell Platts,Republican,,TO GET LATER
"Poe, Ted",TX,2,Rep,TX2,Poe,106631626049851,Ted Poe,Republican,JudgeTedPoe,TO GET LATER
"Pompeo, Mike",KS,4,Rep,KS4,Pompeo,CongressmanPompeo,Mike Pompeo,Republican,RepMikePompeo,TO GET LATER
"Posey, Bill",FL,15,Rep,FL15,Posey,bill.posey15,Bill Posey,Republican,CongBillPosey,TO GET LATER
"Price, Tom",GA,6,Rep,GA6,Price,reptomprice,Tom Price,Republican,RepTomPrice,TO GET LATER
"Quayle, Benjamin",AZ,3,Rep,AZ3,Quayle,,Benjamin Quayle,Republican,,TO GET LATER
"Reed, Tom",NY,29,Rep,NY29,Reed,RepTomReed,Tom Reed,Republican,RepTomReed,TO GET LATER
"Rehberg, Denny",MT,0,Rep,MT0,Rehberg,,Denny Rehberg,Republican,,TO GET LATER
"Renacci, James B.",OH,16,Rep,OH16,Renacci,repjimrenacci,James B. Renacci,Republican,RepJimRenacci,TO GET LATER
"Rigell, E. Scott",VA,2,Rep,VA2,Rigell,RepScottRigell,E. Scott Rigell,Republican,RepScottRigell,TO GET LATER
"Rivera, David",FL,25,Rep,FL25,Rivera,,David Rivera,Republican,,TO GET LATER
"Rogers, Mike D.",AL,3,Rep,AL3,Rogers,CongressmanMikeDRogers,Mike Rogers,Republican,RepMikeRogersAL,TO GET LATER
"Rogers, Mike J.",MI,8,Rep,MI8,Rogers,,Mike Rogers,Republican,,TO GET LATER
"Ros-Lehtinen, Ileana",FL,18,Rep,FL18,Ros-Lehtinen,iroslehtinen,Ileana Ros-Lehtinen,Republican,RosLehtinen,TO GET LATER
"Roskam, Peter J.",IL,6,Rep,IL6,Roskam,PeterRoskam,Peter J. Roskam,Republican,PeterRoskam,TO GET LATER
"Ross, Dennis A.",FL,12,Rep,FL12,Ross,dennis.ross.376,Dennis A. Ross,Republican,RepDennisRoss,TO GET LATER
"Royce, Edward R.",CA,40,Rep,CA40,Royce,EdRoyce,Edward R. Royce,Republican,RepEdRoyce,TO GET LATER
"Runyan, Jon",NJ,3,Rep,NJ3,Runyan,,Jon Runyan,Republican,,TO GET LATER
"Ryan, Paul",WI,1,Rep,WI1,Ryan,speakerryan,Paul D. Ryan,Republican,SpeakerRyan,TO GET LATER
"Scalise, Steve",LA,1,Rep,LA1,Scalise,RepSteveScalise,Steve Scalise,Republican,SteveScalise,TO GET LATER
"Schmidt, Jean",OH,2,Rep,OH2,Schmidt,,Jean Schmidt,Republican,,TO GET LATER
"Schock, Aaron",IL,18,Rep,IL18,Schock,RepAaronSchock,Aaron Schock,Republican,AaronSchock,TO GET LATER
"Scott, Austin",GA,8,Rep,GA8,Scott,RepAustinScott,Austin Scott,Republican,AustinScottGA08,TO GET LATER
"Scott, Tim",SC,1,Rep,SC1,Scott,SenatorTimScott,Tim Scott,Republican,SenatorTimScott,TO GET LATER
"Sessions, Pete",TX,32,Rep,TX32,Sessions,petesessions,Pete Sessions,Republican,PeteSessions,TO GET LATER
"Shuster, Bill",PA,9,Rep,PA9,Shuster,Rep.Shuster,Bill Shuster,Republican,RepBillShuster,TO GET LATER
"Simpson, Michael K.",ID,2,Rep,ID2,Simpson,96007744606,Michael K. Simpson,Republican,CongMikeSimpson,TO GET LATER
"Smith, Adrian",NE,3,Rep,NE3,Smith,,Adrian Smith,Republican,RepAdrianSmith,TO GET LATER
"Smith, Lamar",TX,21,Rep,TX21,Smith,LamarSmithTX21,Lamar Smith,Republican,LamarSmithTX21,TO GET LATER
"Southerland, Steve II",FL,2,Rep,FL2,Southerland,,Steve Southerland II,Republican,,TO GET LATER
"Stearns, Cliff",FL,6,Rep,FL6,Stearns,,Cliff Stearns,Republican,,TO GET LATER
"Sullivan, John",OK,1,Rep,OK1,Sullivan,,John Sullivan,Republican,,TO GET LATER
"Terry, Lee",NE,2,Rep,NE2,Terry,,Lee Terry,Republican,,TO GET LATER
"Thornberry, Mac",TX,13,Rep,TX13,Thornberry,repmacthornberry,Mac Thornberry,Republican,MacTXPress,TO GET LATER
"Tiberi, Patrick J.",OH,12,Rep,OH12,Tiberi,RepPatTiberi,Patrick J. Tiberi,Republican,pattiberi,TO GET LATER
"Tipton, Scott  R.",CO,3,Rep,CO3,Tipton,CongressmanScottTipton,Scott R. Tipton,Republican,RepTipton,TO GET LATER
"Turner, Michael R.",OH,3,Rep,OH3,Turner,RepMikeTurner,Michael R. Turner,Republican,RepMikeTurner,TO GET LATER
"Upton, Fred",MI,6,Rep,MI6,Upton,RepFredUpton,Fred Upton,Republican,RepFredUpton,TO GET LATER
"Walberg, Tim",MI,7,Rep,MI7,Walberg,RepWalberg,Tim Walberg,Republican,RepWalberg,TO GET LATER
"Walden, Greg",OR,2,Rep,OR2,Walden,repgregwalden,Greg Walden,Republican,RepGregWalden,TO GET LATER
"Walsh, Joe",IL,8,Rep,IL8,Walsh,joewalsh,Joe Walsh,Republican,walshfreedom,TO GET LATER
"West, Allen B.",FL,22,Rep,FL22,West,,Allen B. West,Republican,,TO GET LATER
"Westmoreland, Lynn A.",GA,3,Rep,GA3,Westmoreland,71389451419,Lynn A. Westmoreland,Republican,RepWestmoreland,TO GET LATER
"Whitfield, Ed",KY,1,Rep,KY1,Whitfield,RepEdWhitfield,Ed Whitfield,Republican,RepEdWhitfield,TO GET LATER
"Wilson, Joe",SC,2,Rep,SC2,Wilson,JoeWilson,Joe Wilson,Republican,RepJoeWilson,TO GET LATER
"Wittman, Robert J.",VA,1,Rep,VA1,Wittman,RepRobWittman,Robert J. Wittman,Republican,RobWittman,TO GET LATER
"Woodall, Rob",GA,7,Rep,GA7,Woodall,RepRobWoodall,Rob Woodall,Republican,RepRobWoodall,TO GET LATER
"Young, C. W. Bill",FL,10,Rep,FL10,Young,,C. W. Bill Young,Republican,,TO GET LATER
"Young, Todd C.",IN,9,Rep,IN9,Young,SenatorToddYoung,Todd Young,Republican,SenToddYoung,TO GET LATER
"Smith, Christopher H.",NJ,4,Rep,NJ4,Smith,RepChrisSmith,Christopher H. Smith,Republican,RepChrisSmith,TO GET LATER
"Austria, Steve",OH,7,Rep,OH7,Austria,,Steve Austria,Republican,,TO GET LATER
"Barletta, Lou",PA,11,Rep,PA11,Barletta,CongressmanLouBarletta,Lou Barletta,Republican,RepLouBarletta,TO GET LATER
"Boren, Dan",OK,2,Rep,OK2,Boren,,Dan Boren,Democrat,,TO GET LATER
"Brooks, Mo",AL,5,Rep,AL5,Brooks,RepMoBrooks,Mo Brooks,Republican,RepMoBrooks,TO GET LATER
"Broun, Paul C.",GA,10,Rep,GA10,Broun,,Paul C. Broun,Republican,,TO GET LATER
"Costello, Jerry F.",IL,12,Rep,IL12,Costello,,Jerry F. Costello,Democrat,,TO GET LATER
"Crenshaw, Ander",FL,4,Rep,FL4,Crenshaw,200388204657,Ander Crenshaw,Republican,AnderCrenshaw,TO GET LATER
"Critz, Mark S.",PA,12,Rep,PA12,Critz,,Mark S. Critz,Democrat,,TO GET LATER
"Donnelly, Joe",IN,2,Rep,IN2,Donnelly,senatordonnelly,Joe Donnelly,Democrat,SenDonnelly,TO GET LATER
"Duffy, Sean P.",WI,7,Rep,WI7,Duffy,RepSeanDuffy,Sean P. Duffy,Republican,RepSeanDuffy,TO GET LATER
"Fleming, John",LA,4,Rep,LA4,Fleming,repjohnfleming,John Fleming,Republican,RepFleming,TO GET LATER
"Forbes, J. Randy",VA,4,Rep,VA4,Forbes,randyforbes,J. Randy Forbes,Republican,Randy_Forbes,TO GET LATER
"Fortenberry, Jeff",NE,1,Rep,NE1,Fortenberry,jefffortenberry,Jeff Fortenberry,Republican,JeffFortenberry,TO GET LATER
"Franks, Trent",AZ,2,Rep,AZ2,Franks,TrentFranks,Trent Franks,Republican,RepTrentFranks,TO GET LATER
"Gerlach, Jim",PA,6,Rep,PA6,Gerlach,,Jim Gerlach,Republican,,TO GET LATER
"Gowdy, Trey",SC,4,Rep,SC4,Gowdy,RepTreyGowdy,Trey Gowdy,Republican,TGowdySC,TO GET LATER
"Hall, Ralph M.",TX,4,Rep,TX4,Hall,,Ralph M. Hall,Republican,,TO GET LATER
"Harris, Andy",MD,1,Rep,MD1,Harris,AndyHarrisMD,Andy Harris,Republican,RepAndyHarrisMD,TO GET LATER
"Heck, Joseph J.",NV,3,Rep,NV3,Heck,RepJoeHeck,Joseph J. Heck,Republican,RepJoeHeck,TO GET LATER
"Holden, Tim",PA,17,Rep,PA17,Holden,,Tim Holden,Democrat,,TO GET LATER
"Hultgren, Randy",IL,14,Rep,IL14,Hultgren,RepHultgren,Randy Hultgren,Republican,RepHultgren,TO GET LATER
"Jordan, Jim",OH,4,Rep,OH4,Jordan,repjimjordan,Jim Jordan,Republican,Jim_Jordan,TO GET LATER
"Kelly, Mike",PA,3,Rep,PA3,Kelly,191056827594903,Mike Kelly,Republican,MikeKellyPA,TO GET LATER
"King, Peter T.",NY,3,Rep,NY3,King,reppeteking,Peter T. King,Republican,RepPeteKing,TO GET LATER
"Kingston, Jack",GA,1,Rep,GA1,Kingston,,Jack Kingston,Republican,jackkingston,TO GET LATER
"Latham, Tom",IA,4,Rep,IA4,Latham,,Tom Latham,Republican,,TO GET LATER
"Lipinski, Daniel",IL,3,Rep,IL3,Lipinski,repdanlipinski,Daniel Lipinski,Democrat,RepLipinski,TO GET LATER
"Long, Billy",MO,7,Rep,MO7,Long,Rep.Billy.Long,Billy Long,Republican,USRepLong,TO GET LATER
"Lungren, Daniel E.",CA,3,Rep,CA3,Lungren,,Daniel E. Lungren,Republican,,TO GET LATER
"Manzullo, Donald A.",IL,16,Rep,IL16,Manzullo,,Donald A. Manzullo,Republican,,TO GET LATER
"McCaul, Michael T.",TX,10,Rep,TX10,McCaul,michaeltmccaul,Michael T. McCaul,Republican,RepMcCaul,TO GET LATER
"McClintock, Tom",CA,4,Rep,CA4,McClintock,81125319109,Tom McClintock,Republican,RepMcClintock,TO GET LATER
"McHenry, Patrick T.",NC,10,Rep,NC10,McHenry,CongressmanMcHenry,Patrick T. McHenry,Republican,PatrickMcHenry,TO GET LATER
"McIntyre, Mike",NC,7,Rep,NC7,McIntyre,,Mike McIntyre,Democrat,,TO GET LATER
"Mica, John L.",FL,7,Rep,FL7,Mica,JohnMica,John L. Mica,Republican,,TO GET LATER
"Murphy, Tim",PA,18,Rep,PA18,Murphy,reptimmurphy,Tim Murphy,Republican,RepTimMurphy,TO GET LATER
"Nunes, Devin",CA,21,Rep,CA21,Nunes,,Devin Nunes,Republican,RepDevinNunes,TO GET LATER
"Peterson, Collin C.",MN,7,Rep,MN7,Peterson,,Collin C. Peterson,Democrat,,TO GET LATER
"Rahall, Nick J., II",WV,3,Rep,WV3,Rahall,,Nick J. Rahall II,Democrat,,TO GET LATER
"Ribble, Reid J.",WI,8,Rep,WI8,Ribble,CongressmanReidRibble,Reid J. Ribble,Republican,RepRibble,TO GET LATER
"Roby, Martha",AL,2,Rep,AL2,Roby,Representative.Martha.Roby,Martha Roby,Republican,RepMarthaRoby,TO GET LATER
"Roe, David P.",TN,1,Rep,TN1,Roe,DrPhilRoe,David P. Roe,Republican,DrPhilRoe,TO GET LATER
"Rokita, Todd",IN,4,Rep,IN4,Rokita,RepToddRokita,Todd Rokita,Republican,ToddRokita,TO GET LATER
"Rooney, Thomas J.",FL,16,Rep,FL16,Rooney,reptomrooney,Thomas J. Rooney,Republican,TomRooney,TO GET LATER
"Ross, Mike",AR,4,Rep,AR4,Ross,,Mike Ross,Democrat,MikeRossUpdates,TO GET LATER
"Schilling, Robert T.",IL,17,Rep,IL17,Schilling,,Robert T. Schilling,Republican,,TO GET LATER
"Schweikert, David",AZ,5,Rep,AZ5,Schweikert,repdavidschweikert,David Schweikert,Republican,RepDavid,TO GET LATER
"Sensenbrenner, F. James, Jr.",WI,5,Rep,WI5,Sensenbrenner,RepSensenbrenner,"F. James Sensenbrenner, Jr.",Republican,JimPressOffice,TO GET LATER
"Shimkus, John",IL,19,Rep,IL19,Shimkus,repshimkus,John Shimkus,Republican,RepShimkus,TO GET LATER
"Shuler, Heath",NC,11,Rep,NC11,Shuler,,Heath Shuler,Democrat,,TO GET LATER
"Stivers, Steve",OH,15,Rep,OH15,Stivers,116058275133542,Steve Stivers,Republican,RepSteveStivers,TO GET LATER
"Stutzman, Marlin A.",IN,3,Rep,IN3,Stutzman,CongressmanMarlinStutzman,Marlin A. Stutzman,Republican,RepStutzman,TO GET LATER
"Thompson, Glenn",PA,5,Rep,PA5,Thompson,CongressmanGT,Glenn Thompson,Republican,CongressmanGT,TO GET LATER
"Wolf, Frank R.",VA,10,Rep,VA10,Wolf,,Frank R. Wolf,Republican,,TO GET LATER
"Womack, Steve",AR,3,Rep,AR3,Womack,RepSteveWomack,Steve Womack,Republican,Rep_SteveWomack,TO GET LATER
"Yoder, Kevin",KS,3,Rep,KS3,Yoder,CongressmanKevinYoder,Kevin Yoder,Republican,RepKevinYoder,TO GET LATER
"Altmire, Jason",PA,4,Rep,PA4,Altmire,,Jason Altmire,Democrat,,TO GET LATER
"Bass, Charles F.",NH,2,Rep,NH2,Bass,,Charles F. Bass,Republican,,TO GET LATER
"Berkley, Shelley",NV,1,Rep,NV1,Berkley,,Shelley Berkley,Democrat,,TO GET LATER
"Bishop, Sanford D., Jr.",GA,2,Rep,GA2,Bishop,sanfordbishop,"Sanford D. Bishop, Jr.",Democrat,SanfordBishop,TO GET LATER
"Bishop, Timothy H.",NY,1,Rep,NY1,Bishop,,Timothy H. Bishop,Democrat,,TO GET LATER
"Braley, Bruce L.",IA,1,Rep,IA1,Braley,,Bruce L. Braley,Democrat,,TO GET LATER
"Capito, Shelley Moore",WV,2,Rep,WV2,Capito,senshelley,Shelley Moore Capito,Republican,SenCapito,TO GET LATER
"Capuano, Michael E.",MA,8,Rep,MA8,Capuano,RepMichaelCapuano,Michael E. Capuano,Democrat,RepMikeCapuano,TO GET LATER
"Cardoza, Dennis A.",CA,18,Rep,CA18,Cardoza,,Dennis Cardoza,Democrat,,TO GET LATER
"Carnahan, Russ",MO,3,Rep,MO3,Carnahan,,Russ Carnahan,Democrat,,TO GET LATER
"Carson, Andre",IN,7,Rep,IN7,Carson,CongressmanAndreCarson,André Carson,Democrat,RepAndreCarson,TO GET LATER
"Cicilline, David N.",RI,1,Rep,RI1,Cicilline,CongressmanDavidCicilline,David N. Cicilline,Democrat,RepCicilline,TO GET LATER
"Cohen, Steve",TN,9,Rep,TN9,Cohen,CongressmanSteveCohen,Steve Cohen,Democrat,RepCohen,TO GET LATER
"Connolly, Gerald E.",VA,11,Rep,VA11,Connolly,CongressmanGerryConnolly,Gerald E. Connolly,Democrat,GerryConnolly,TO GET LATER
"Courtney, Joe",CT,2,Rep,CT2,Courtney,joecourtney,Joe Courtney,Democrat,RepJoeCourtney,TO GET LATER
"Dold, Robert J.",IL,10,Rep,IL10,Dold,RepDold,Robert J. Dold,Republican,RepDold,TO GET LATER
"Engel, Eliot L.",NY,17,Rep,NY17,Engel,RepEliotLEngel,Eliot L. Engel,Democrat,RepEliotEngel,TO GET LATER
"Frank, Barney",MA,4,Rep,MA4,Frank,barneyfrank,Barney Frank,Democrat,barneyfrank,TO GET LATER
"Gibson, Christopher P.",NY,20,Rep,NY20,Gibson,RepChrisGibson,Christopher P. Gibson,Republican,RepChrisGibson,TO GET LATER
"Hanna, Richard L.",NY,24,Rep,NY24,Hanna,reprichardhanna,Richard L. Hanna,Republican,RepRichardHanna,TO GET LATER
"Herrera Beutler, Jaime",WA,3,Rep,WA3,Herrera Beutler,herrerabeutler,Jaime Herrera Beutler,Republican,HerreraBeutler,TO GET LATER
"Himes, James A.",CT,4,Rep,CT4,Himes,CongressmanJimHimes,James A. Himes,Democrat,JAHimes,TO GET LATER
"Keating, William R.",MA,10,Rep,MA10,Keating,Congressman.Keating,William R. Keating,Democrat,USRepKeating,TO GET LATER
"Kissell, Larry",NC,8,Rep,NC8,Kissell,,Larry Kissell,Democrat,,TO GET LATER
"Matheson, Jim",UT,2,Rep,UT2,Matheson,,Jim Matheson,Democrat,,TO GET LATER
"Meehan, Patrick",PA,7,Rep,PA7,Meehan,CongressmanPatrickMeehan,Patrick Meehan,Republican,RepMeehan,TO GET LATER
"Michaud, Michael H.",ME,2,Rep,ME2,Michaud,,Michael H. Michaud,Democrat,,TO GET LATER
"Owens, William L.",NY,23,Rep,NY23,Owens,,William L. Owens,Democrat,,TO GET LATER
"Paulsen, Erik",MN,3,Rep,MN3,Paulsen,CongressmanErikPaulsen,Erik Paulsen,Republican,RepErikPaulsen,TO GET LATER
"Quigley, Mike",IL,5,Rep,IL5,Quigley,repmikequigley,Mike Quigley,Democrat,RepMikeQuigley,TO GET LATER
"Reichert, David G.",WA,8,Rep,WA8,Reichert,repdavereichert,David G. Reichert,Republican,DaveReichert,TO GET LATER
"Rohrabacher, Dana",CA,46,Rep,CA46,Rohrabacher,RepRohrabacher,Dana Rohrabacher,Republican,reprohrabacher,TO GET LATER
"Ruppersberger, C. A. Dutch",MD,2,Rep,MD2,Ruppersberger,DutchRupp,C. A. Dutch Ruppersberger,Democrat,Call_Me_Dutch,TO GET LATER
"Rush, Bobby L.",IL,1,Rep,IL1,Rush,congressmanbobbyrush,Bobby L. Rush,Democrat,RepBobbyRush,TO GET LATER
"Schrader, Kurt",OR,5,Rep,OR5,Schrader,repschrader,Kurt Schrader,Democrat,RepSchrader,TO GET LATER
"Sewell, Terri A.",AL,7,Rep,AL7,Sewell,RepSewell,Terri A. Sewell,Democrat,RepTerriSewell,TO GET LATER
"Tsongas, Niki",MA,5,Rep,MA5,Tsongas,RepTsongas,Niki Tsongas,Democrat,NikiInTheHouse,TO GET LATER
"Webster, Daniel",FL,8,Rep,FL8,Webster,RepWebster,Daniel Webster,Republican,RepWebster,TO GET LATER
"Welch, Peter",VT,0,Rep,VT0,Welch,PeterWelch,Peter Welch,Democrat,PeterWelch,TO GET LATER
"Young, Don",AK,0,Rep,AK0,Young,RepDonYoung,Don Young,Republican,RepDonYoung,TO GET LATER
"Scott, David",GA,13,Rep,GA13,Scott,113303673339,David Scott,Democrat,RepDavidScott,TO GET LATER
"Amodei, Mark E.",NV,2,Rep,NV2,Amodei,MarkAmodeiNV2,Mark E. Amodei,Republican,MarkAmodeiNV2,TO GET LATER
"Carney, John C., Jr.",DE,0,Rep,DE0,Carney,JohnCarneyDE,John C. Carney Jr.,Democrat,JohnCarneyde,TO GET LATER
"Clarke, Hansen",MI,13,Rep,MI13,Clarke,,Hansen Clarke,Democrat,,TO GET LATER
"Conyers, John, Jr.",MI,14,Rep,MI14,Conyers,CongressmanConyers,"John Conyers, Jr.",Democrat,RepJohnConyers,TO GET LATER
"Cuellar, Henry",TX,28,Rep,TX28,Cuellar,152569121550,Henry Cuellar,Democrat,RepCuellar,TO GET LATER
"Eshoo, Anna G.",CA,14,Rep,CA14,Eshoo,RepAnnaEshoo,Anna G. Eshoo,Democrat,RepAnnaEshoo,TO GET LATER
"Filner, Bob",CA,51,Rep,CA51,Filner,,Bob Filner,Democrat,,TO GET LATER
"Garamendi, John",CA,10,Rep,CA10,Garamendi,repgaramendi,John Garamendi,Democrat,RepGaramendi,TO GET LATER
"Hanabusa, Colleen W.",HI,1,Rep,HI1,Hanabusa,RepColleenHanabusa,Colleen Hanabusa,Democrat,RepHanabusa,TO GET LATER
"Hinchey, Maurice D.",NY,22,Rep,NY22,Hinchey,,Maurice D. Hinchey,Democrat,,TO GET LATER
"Hinojosa, Ruben",TX,15,Rep,TX15,Hinojosa,CongressmanRubenHinojosa,Rubén Hinojosa,Democrat,USRepRHinojosa,TO GET LATER
"Hirono, Mazie K.",HI,2,Rep,HI2,Hirono,senatorhirono,Mazie K. Hirono,Democrat,MazieHirono,TO GET LATER
"Holt, Rush",NJ,12,Rep,NJ12,Holt,,Rush Holt,Democrat,,TO GET LATER
"Jackson, Jesse L., Jr.",IL,2,Rep,IL2,Jackson,,Jesse L. Jackson Jr.,Democrat,,TO GET LATER
"Kildee, Dale E.",MI,5,Rep,MI5,Kildee,,Dale E. Kildee,Democrat,,TO GET LATER
"Larsen, Rick",WA,2,Rep,WA2,Larsen,RepRickLarsen,Rick Larsen,Democrat,RepRickLarsen,TO GET LATER
"Murphy, Christopher S.",CT,5,Rep,CT5,Murphy,chrismurphyct,Christopher Murphy,Democrat,senmurphyoffice,TO GET LATER
"Norton, Eleanor Holmes",DC,0,Rep,DC0,Norton,CongresswomanNorton,Eleanor Holmes Norton,Democrat,EleanorNorton,TO GET LATER
"Olver, John W.",MA,1,Rep,MA1,Olver,,John W. Olver,Democrat,,TO GET LATER
"Sanchez, Loretta",CA,47,Rep,CA47,Sanchez,LorettaSanchez,Loretta Sanchez,Democrat,LorettaSanchez,TO GET LATER
"Schiff, Adam B.",CA,29,Rep,CA29,Schiff,RepAdamSchiff,Adam B. Schiff,Democrat,RepAdamSchiff,TO GET LATER
"Larson, John B.",CT,1,Rep,CT1,Larson,RepJohnLarson,John B. Larson,Democrat,RepJohnLarson,TO GET LATER
"Ackerman, Gary L.",NY,5,Rep,NY5,Ackerman,,Gary L. Ackerman,Democrat,,TO GET LATER
"Andrews, Robert E.",NJ,1,Rep,NJ1,Andrews,,Robert E. Andrews,Democrat,,TO GET LATER
"Baca, Joe",CA,43,Rep,CA43,Baca,,Joe Baca,Democrat,,TO GET LATER
"Bass, Karen",CA,33,Rep,CA33,Bass,RepKarenBass,Karen Bass,Democrat,RepKarenBass,TO GET LATER
"Blumenauer, Earl",OR,3,Rep,OR3,Blumenauer,,Earl Blumenauer,Democrat,BlumenauerMedia,TO GET LATER
"Bordallo, Madeleine Z.",GU,0,Rep,GU0,Bordallo,madeleine.bordallo,Madeleine Z. Bordallo,Democrat,,TO GET LATER
"Boswell, Leonard L.",IA,3,Rep,IA3,Boswell,,Leonard L. Boswell,Democrat,,TO GET LATER
"Brady, Robert A.",PA,1,Rep,PA1,Brady,RepRobertBrady,Robert A. Brady,Democrat,RepBrady,TO GET LATER
"Brown, Corrine",FL,3,Rep,FL3,Brown,congresswomanbrown,Corrine Brown,Democrat,RepCorrineBrown,TO GET LATER
"Butterfield, G. K.",NC,1,Rep,NC1,Butterfield,congressmangkbutterfield,G. K. Butterfield,Democrat,GKButterfield,TO GET LATER
"Capps, Lois",CA,23,Rep,CA23,Capps,loiscapps,Lois Capps,Democrat,RepLoisCapps,TO GET LATER
"Christensen, Donna M.",VI,0,Rep,VI0,Christensen,,Donna M. Christensen,Democrat,,TO GET LATER
"Chu, Judy",CA,32,Rep,CA32,Chu,RepJudyChu,Judy Chu,Democrat,RepJudyChu,TO GET LATER
"Clarke, Yvette D.",NY,11,Rep,NY11,Clarke,repyvettedclarke,Yvette D. Clarke,Democrat,RepYvetteClarke,TO GET LATER
"Clay, Wm. Lacy",MO,1,Rep,MO1,Clay,109135405838588,Wm. Lacy Clay,Democrat,,TO GET LATER
"Cleaver, Emanuel",MO,5,Rep,MO5,Cleaver,emanuelcleaverii,Emanuel Cleaver,Democrat,RepCleaver,TO GET LATER
"Clyburn, James E.",SC,6,Rep,SC6,Clyburn,jameseclyburn,James E. Clyburn,Democrat,Clyburn,TO GET LATER
"Cummings, Elijah E.",MD,7,Rep,MD7,Cummings,elijahcummings,Elijah E. Cummings,Democrat,RepCummings,TO GET LATER
"Davis, Danny K.",IL,7,Rep,IL7,Davis,CongressmanDKDavis,Danny K. Davis,Democrat,RepDannyDavis,TO GET LATER
"Davis, Susan A.",CA,53,Rep,CA53,Davis,RepSusanDavis,Susan A. Davis,Democrat,RepSusanDavis,TO GET LATER
"DeGette, Diana",CO,1,Rep,CO1,DeGette,DianaDeGette,Diana DeGette,Democrat,RepDianaDeGette,TO GET LATER
"DeLauro, Rosa L.",CT,3,Rep,CT3,DeLauro,CongresswomanRosaDeLauro,Rosa L. DeLauro,Democrat,RosaDeLauro,TO GET LATER
"Deutch, Theodore E.",FL,19,Rep,FL19,Deutch,CongressmanTedDeutch,Theodore E. Deutch,Democrat,RepTedDeutch,TO GET LATER
"Dicks, Norman D.",WA,6,Rep,WA6,Dicks,,Norman D. Dicks,Democrat,,TO GET LATER
"Dingell, John D.",MI,15,Rep,MI15,Dingell,,John D. Dingell,Democrat,JohnDingell,TO GET LATER
"Doyle, Michael F.",PA,14,Rep,PA14,Doyle,usrepmikedoyle,Michael F. Doyle,Democrat,USRepMikeDoyle,TO GET LATER
"Farr, Sam",CA,17,Rep,CA17,Farr,RepSamFarr,Sam Farr,Democrat,RepSamFarr,TO GET LATER
"Fattah, Chaka",PA,2,Rep,PA2,Fattah,repfattah,Chaka Fattah,Democrat,ChakaFattah,TO GET LATER
"Fudge, Marcia L.",OH,11,Rep,OH11,Fudge,RepMarciaLFudge,Marcia L. Fudge,Democrat,RepMarciaFudge,TO GET LATER
"Gonzalez, Charles A.",TX,20,Rep,TX20,Gonzalez,,Charles A. Gonzalez,Democrat,,TO GET LATER
"Green, Al",TX,9,Rep,TX9,Green,repalgreen,Al Green,Democrat,RepAlGreen,TO GET LATER
"Gutierrez, Luis V.",IL,4,Rep,IL4,Gutierrez,RepGutierrez,Luis V. Gutiérrez,Democrat,RepGutierrez,TO GET LATER
"Hahn, Janice",CA,36,Rep,CA36,Hahn,RepJaniceHahn,Janice Hahn,Democrat,Rep_JaniceHahn,TO GET LATER
"Hastings, Alcee L.",FL,23,Rep,FL23,Hastings,95696782238,Alcee L. Hastings,Democrat,RepHastingsFL,TO GET LATER
"Honda, Michael M.",CA,15,Rep,CA15,Honda,RepMikeHonda,Michael M. Honda,Democrat,RepMikeHonda,TO GET LATER
"Hoyer, Steny H.",MD,5,Rep,MD5,Hoyer,WhipHoyer,Steny H. Hoyer,Democrat,WhipHoyer,TO GET LATER
"Jackson Lee, Sheila",TX,18,Rep,TX18,Jackson Lee,CongresswomanSheilaJacksonLee,Sheila Jackson Lee,Democrat,JacksonLeeTX18,TO GET LATER
"Johnson, Eddie Bernice",TX,30,Rep,TX30,Johnson,CongresswomanEBJtx30,Eddie Bernice Johnson,Democrat,RepEBJ,TO GET LATER
"Johnson, Henry C. ""Hank,"" Jr.",GA,4,Rep,GA4,Johnson,115356957005,"Henry C. ""Hank"" Johnson, Jr.",Democrat,RepHankJohnson,TO GET LATER
"Kaptur, Marcy",OH,9,Rep,OH9,Kaptur,RepresentativeMarcyKaptur,Marcy Kaptur,Democrat,RepMarcyKaptur,TO GET LATER
"Lee, Barbara",CA,9,Rep,CA9,Lee,RepBarbaraLee,Barbara Lee,Democrat,RepBarbaraLee,TO GET LATER
"Maloney, Carolyn B.",NY,14,Rep,NY14,Maloney,RepCarolynMaloney,Carolyn B. Maloney,Democrat,RepMaloney,TO GET LATER
"Markey, Edward J.",MA,7,Rep,MA7,Markey,EdJMarkey,Edward J. Markey,Democrat,SenMarkey,TO GET LATER
"McCollum, Betty",MN,4,Rep,MN4,McCollum,repbettymccollum,Betty McCollum,Democrat,BettyMcCollum04,TO GET LATER
"McDermott, Jim",WA,7,Rep,WA7,McDermott,CongressmanJimMcDermott,Jim McDermott,Democrat,RepJimMcDermott,TO GET LATER
"McGovern, James P.",MA,3,Rep,MA3,McGovern,RepJimMcGovern,James P. McGovern,Democrat,RepMcGovern,TO GET LATER
"Meeks, Gregory W.",NY,6,Rep,NY6,Meeks,gregorymeeksny05,Gregory W. Meeks,Democrat,RepGregoryMeeks,TO GET LATER
"Miller, Brad",NC,13,Rep,NC13,Miller,,Brad Miller,Democrat,,TO GET LATER
"Moore, Gwen",WI,4,Rep,WI4,Moore,GwenSMoore,Gwen Moore,Democrat,RepGwenMoore,TO GET LATER
"Moran, James P.",VA,8,Rep,VA8,Moran,,James P. Moran,Democrat,,TO GET LATER
"Nadler, Jerrold",NY,8,Rep,NY8,Nadler,CongressmanNadler,Jerrold Nadler,Democrat,RepJerryNadler,TO GET LATER
"Napolitano, Grace F.",CA,38,Rep,CA38,Napolitano,RepGraceNapolitano,Grace F. Napolitano,Democrat,GraceNapolitano,TO GET LATER
"Pallone, Frank, Jr.",NJ,6,Rep,NJ6,Pallone,repfrankpallone,"Frank Pallone, Jr.",Democrat,FrankPallone,TO GET LATER
"Pelosi, Nancy",CA,8,Rep,CA8,Pelosi,NancyPelosi,Nancy Pelosi,Democrat,NancyPelosi,TO GET LATER
"Perlmutter, Ed",CO,7,Rep,CO7,Perlmutter,RepPerlmutter,Ed Perlmutter,Democrat,RepPerlmutter,TO GET LATER
"Peters, Gary C.",MI,9,Rep,MI9,Peters,SenGaryPeters,Gary C. Peters,Democrat,SenGaryPeters,TO GET LATER
"Pierluisi, Pedro R.",PR,0,Rep,PR0,Pierluisi,pedropierluisi,Pedro R. Pierluisi,Democrat,PedroPierluisi,TO GET LATER
"Pingree, Chellie",ME,1,Rep,ME1,Pingree,ChelliePingree,Chellie Pingree,Democrat,ChelliePingree,TO GET LATER
"Price, David E.",NC,4,Rep,NC4,Price,RepDavidEPrice,David E. Price,Democrat,RepDavidEPrice,TO GET LATER
"Rangel, Charles B.",NY,15,Rep,NY15,Rangel,CBRangel,Charles B. Rangel,Democrat,CBRangel,TO GET LATER
"Richardson, Laura",CA,37,Rep,CA37,Richardson,,Laura Richardson,Democrat,,TO GET LATER
"Rothman, Steven R.",NJ,9,Rep,NJ9,Rothman,,Steven R. Rothman,Democrat,,TO GET LATER
"Roybal-Allard, Lucille",CA,34,Rep,CA34,Roybal-Allard,RepRoybalAllard,Lucille Roybal-Allard,Democrat,RepRoybalAllard,TO GET LATER
"Ryan, Tim",OH,17,Rep,OH17,Ryan,timryan,Tim Ryan,Democrat,RepTimRyan,TO GET LATER
"Sablan, Gregorio Kilili Camacho",MP,0,Rep,MP0,Sablan,153423912663,Gregorio Kilili Camacho Sablan,Democrat,Kilili_Sablan,TO GET LATER
"Sanchez, Linda T.",CA,39,Rep,CA39,Sanchez,CongresswomanLindaSanchez,Linda T. Sánchez,Democrat,RepLindaSanchez,TO GET LATER
"Schakowsky, Janice D.",IL,9,Rep,IL9,Schakowsky,janschakowsky,Janice D. Schakowsky,Democrat,JanSchakowsky,TO GET LATER
"Scott, Robert C. ""Bobby""",VA,3,Rep,VA3,Scott,RepBobbyScott,"Robert C. ""Bobby"" Scott",Democrat,BobbyScott,TO GET LATER
"Serrano, Jose E.",NY,16,Rep,NY16,Serrano,RepJoseSerrano,José E. Serrano,Democrat,RepJoseSerrano,TO GET LATER
"Sherman, Brad",CA,27,Rep,CA27,Sherman,63158229861,Brad Sherman,Democrat,BradSherman,TO GET LATER
"Slaughter, Louise McIntosh",NY,28,Rep,NY28,Slaughter,RepLouiseSlaughter,Louise McIntosh Slaughter,Democrat,LouiseSlaughter,TO GET LATER
"Smith, Adam",WA,9,Rep,WA9,Smith,RepAdamSmith,Adam Smith,Democrat,RepAdamSmith,TO GET LATER
"Stark, Fortney Pete",CA,13,Rep,CA13,Stark,,Fortney Pete Stark,Democrat,,TO GET LATER
"Thompson, Bennie G.",MS,2,Rep,MS2,Thompson,CongressmanBennieGThompson,Bennie G. Thompson,Democrat,BennieGThompson,TO GET LATER
"Tonko, Paul",NY,21,Rep,NY21,Tonko,reppaultonko,Paul Tonko,Democrat,RepPaulTonko,TO GET LATER
"Towns, Edolphus",NY,10,Rep,NY10,Towns,,Edolphus Towns,Democrat,,TO GET LATER
"Van Hollen, Chris",MD,8,Rep,MD8,Van Hollen,chrisvanhollen,Chris Van Hollen,Democrat,ChrisVanHollen,TO GET LATER
"Walz, Timothy J.",MN,1,Rep,MN1,Walz,,Timothy J. Walz,Democrat,RepTimWalz,TO GET LATER
"Wasserman Schultz, Debbie",FL,20,Rep,FL20,Wasserman Schultz,RepDWS,Debbie Wasserman Schultz,Democrat,RepDWStweets,TO GET LATER
"Waters, Maxine",CA,35,Rep,CA35,Waters,MaxineWaters,Maxine Waters,Democrat,RepMaxineWaters,TO GET LATER
"Waxman, Henry A.",CA,30,Rep,CA30,Waxman,,Henry A. Waxman,Democrat,,TO GET LATER
"Wilson, Frederica S.",FL,17,Rep,FL17,Wilson,RepWilson,Frederica S. Wilson,Democrat,RepWilson,TO GET LATER
"Baldwin, Tammy",WI,2,Rep,WI2,Baldwin,senatortammybaldwin,Tammy Baldwin,Democrat,SenatorBaldwin,TO GET LATER
"Berman, Howard L.",CA,28,Rep,CA28,Berman,,Howard L. Berman,Democrat,,TO GET LATER
"Bonamici, Suzanne",OR,1,Rep,OR1,Bonamici,congresswomanbonamici,Suzanne Bonamici,Democrat,RepBonamici,TO GET LATER
"Chandler, Ben",KY,6,Rep,KY6,Chandler,,Ben Chandler,Democrat,,TO GET LATER
"Costa, Jim",CA,20,Rep,CA20,Costa,RepJimCosta,Jim Costa,Democrat,RepJimCosta,TO GET LATER
"Crowley, Joseph",NY,7,Rep,NY7,Crowley,repjoecrowley,Joseph Crowley,Democrat,RepJoeCrowley,TO GET LATER
"DeFazio, Peter A.",OR,4,Rep,OR4,DeFazio,RepPeterDeFazio,Peter A. DeFazio,Democrat,RepPeterDeFazio,TO GET LATER
"Edwards, Donna F.",MD,4,Rep,MD4,Edwards,107297211756,Donna F. Edwards,Democrat,RepDonnaEdwards,TO GET LATER
"Ellison, Keith",MN,5,Rep,MN5,Ellison,Keith.Ellison,Keith Ellison,Democrat,KeithEllison,TO GET LATER
"Faleomavaega, Eni F. H.",AS,0,Rep,AS0,Faleomavaega,,Eni F. H. Faleomavaega,Democrat,,TO GET LATER
"Heinrich, Martin",NM,1,Rep,NM1,Heinrich,MartinHeinrich,Martin Heinrich,Democrat,MartinHeinrich,TO GET LATER
"Higgins, Brian",NY,27,Rep,NY27,Higgins,RepBrianHiggins,Brian Higgins,Democrat,RepBrianHiggins,TO GET LATER
"Israel, Steve",NY,2,Rep,NY2,Israel,RepSteveIsrael,Steve Israel,Democrat,RepSteveIsrael,TO GET LATER
"Langevin, James R.",RI,2,Rep,RI2,Langevin,CongressmanJimLangevin,James R. Langevin,Democrat,JimLangevin,TO GET LATER
"Levin, Sander M.",MI,12,Rep,MI12,Levin,RepSandyLevin,Sander M. Levin,Democrat,RepSandyLevin,TO GET LATER
"Lewis, John",GA,5,Rep,GA5,Lewis,RepJohnLewis,John Lewis,Democrat,RepJohnLewis,TO GET LATER
"Lofgren, Zoe",CA,16,Rep,CA16,Lofgren,zoelofgren,Zoe Lofgren,Democrat,RepZoeLofgren,TO GET LATER
"Lowey, Nita M.",NY,18,Rep,NY18,Lowey,RepLowey,Nita M. Lowey,Democrat,NitaLowey,TO GET LATER
"Lujan, Ben Ray",NM,3,Rep,NM3,Lujan,RepBenRayLujan,Ben Ray Luján,Democrat,RepBenRayLujan,TO GET LATER
"Lynch, Stephen F.",MA,9,Rep,MA9,Lynch,repstephenlynch,Stephen F. Lynch,Democrat,RepStephenLynch,TO GET LATER
"McCarthy, Carolyn",NY,4,Rep,NY4,McCarthy,,Carolyn McCarthy,Democrat,,TO GET LATER
"McNerney, Jerry",CA,11,Rep,CA11,McNerney,jerrymcnerney,Jerry McNerney,Democrat,RepMcNerney,TO GET LATER
"Miller, George",CA,7,Rep,CA7,Miller,,George Miller,Democrat,,TO GET LATER
"Pascrell, Bill, Jr.",NJ,8,Rep,NJ8,Pascrell,pascrell,"Bill Pascrell, Jr.",Democrat,BillPascrell,TO GET LATER
"Richmond, Cedric L.",LA,2,Rep,LA2,Richmond,RepRichmond,Cedric L. Richmond,Democrat,RepRichmond,TO GET LATER
"Sarbanes, John P.",MD,3,Rep,MD3,Sarbanes,RepSarbanes,John P. Sarbanes,Democrat,RepSarbanes,TO GET LATER
"Schwartz, Allyson Y.",PA,13,Rep,PA13,Schwartz,,Allyson Y. Schwartz,Democrat,,TO GET LATER
"Sires, Albio",NJ,13,Rep,NJ13,Sires,81058818750,Albio Sires,Democrat,RepSires,TO GET LATER
"Speier, Jackie",CA,12,Rep,CA12,Speier,JackieSpeier,Jackie Speier,Democrat,RepSpeier,TO GET LATER
"Thompson, Mike",CA,1,Rep,CA1,Thompson,RepMikeThompson,Mike Thompson,Democrat,RepThompson,TO GET LATER
"Velazquez, Nydia M.",NY,12,Rep,NY12,Velazquez,8037068318,Nydia M. Velázquez,Democrat,NydiaVelazquez,TO GET LATER
"Woolsey, Lynn C.",CA,6,Rep,CA6,Woolsey,,Lynn C. Woolsey,Democrat,,TO GET LATER
"Castor, Kathy",FL,11,Rep,FL11,Castor,USRepKathyCastor,Kathy Castor,Democrat,USRepKCastor,TO GET LATER
"Grijalva, Raul M.",AZ,7,Rep,AZ7,Grijalva,Rep.Grijalva,Raúl M. Grijalva,Democrat,RepraulGrijalva,TO GET LATER
"Neal, Richard E.",MA,2,Rep,MA2,Neal,reprichardneal,Richard E. Neal,Democrat,RepRichardNeal,TO GET LATER
"Barrow, John",GA,12,Rep,GA12,Barrow,,John Barrow,Democrat,,TO GET LATER
"Green, Gene",TX,29,Rep,TX29,Green,RepGeneGreen,Gene Green,Democrat,RepGeneGreen,TO GET LATER
"Inslee, Jay",WA,1,Rep,WA1,Inslee,,Jay Inslee,Democrat,,TO GET LATER
"Loebsack, David",IA,2,Rep,IA2,Loebsack,DaveLoebsack,David Loebsack,Democrat,DaveLoebsack,TO GET LATER
"Sutton, Betty",OH,13,Rep,OH13,Sutton,,Betty Sutton,Democrat,,TO GET LATER
"Visclosky, Peter J.",IN,1,Rep,IN1,Visclosky,repvisclosky,Peter J. Visclosky,Democrat,RepVisclosky,TO GET LATER
"Wu, David",OR,1,Rep,OR1,Wu,,David Wu,Democrat,,TO GET LATER
"Cooper, Jim",TN,5,Rep,TN5,Cooper,JimCooper,Jim Cooper,Democrat,RepJimCooper,TO GET LATER
"Doggett, Lloyd",TX,25,Rep,TX25,Doggett,lloyddoggett,Lloyd Doggett,Democrat,RepLloydDoggett,TO GET LATER
"Kind, Ron",WI,3,Rep,WI3,Kind,repronkind,Ron Kind,Democrat,RepRonKind,TO GET LATER
"Matsui, Doris O.",CA,5,Rep,CA5,Matsui,doris.matsui,Doris O. Matsui,Democrat,DorisMatsui,TO GET LATER
"Pastor, Ed",AZ,4,Rep,AZ4,Pastor,,Ed Pastor,Democrat,,TO GET LATER
"Polis, Jared",CO,2,Rep,CO2,Polis,jaredpolis,Jared Polis,Democrat,RepJaredPolis,TO GET LATER
"Tierney, John F.",MA,6,Rep,MA6,Tierney,,John F. Tierney,Democrat,,TO GET LATER
"Becerra, Xavier",CA,31,Rep,CA31,Becerra,XavierBecerra,Xavier Becerra,Democrat,RepBecerra,TO GET LATER
"Kucinich, Dennis J.",OH,10,Rep,OH10,Kucinich,,Dennis J. Kucinich,Democrat,dennis_kucinich,TO GET LATER
"Payne, Donald M.",NJ,10,Rep,NJ10,Payne,DonaldPayneJr,"Donald M. Payne, Jr.",Democrat,RepDonaldPayne,TO GET LATER
"Payne, Donald M.",NJ,10,Rep,NJ10,Payne,,Donald Payne,Democrat,,TO GET LATER
"Reyes, Silvestre",TX,16,Rep,TX16,Reyes,,Silvestre Reyes,Democrat,,TO GET LATER
"Weiner, Anthony D.",NY,9,Rep,NY9,Weiner,AnthonyDWeiner,Anthony Weiner,Democrat,anthonyweiner,TO GET LATER
"Yarmuth, John A.",KY,3,Rep,KY3,Yarmuth,214258646163,John A. Yarmuth,Democrat,RepJohnYarmuth,TO GET LATER
"Hochul, Kathleen C.",NY,26,Rep,NY26,Hochul,KathyHochul,Kathleen C. Hochul,Democrat,kathyhochul,TO GET LATER
"Barber, Ron",AZ,8,Rep,AZ8,Barber,,Ron Barber,Democrat,,TO GET LATER
"Harman, Jane",CA,36,Rep,CA36,Harman,,Jane Harman,Democrat,,TO GET LATER
"Giffords, Gabrielle",AZ,8,Rep,AZ8,Giffords,GGiffords,Gabrielle Giffords,Democrat,GabbyGiffords,TO GET LATER
"Watt, Melvin L.",NC,12,Rep,NC12,Watt,,Melvin L. Watt,Democrat,,TO GET LATER
"Curson, David Alan",MI,11,Rep,MI11,Curson,,David Alan Curson,Democrat,,TO GET LATER
"Massie, Thomas",KY,4,Rep,KY4,Massie,RepThomasMassie,Thomas Massie,Republican,RepThomasMassie,TO GET LATER
"Turner, Robert L.",NY,9,Rep,NY9,Turner,,Robert L. Turner,Republican,,TO GET LATER
"Boehner, John A.",OH,8,Rep,OH8,Boehner,SpeakerJohnBoehner,John A. Boehner,Republican,SpeakerBoehner,TO GET LATER
"Payne, Donald M., Jr.",NJ,10,Rep,NJ10,Payne,DonaldPayneJr,"Donald M. Payne, Jr.",Democrat,RepDonaldPayne,TO GET LATER
"Payne, Donald M., Jr.",NJ,10,Rep,NJ10,Payne,,Donald Payne,Democrat,,TO GET LATER
