_sort_name,_state,_district,_title,_full_district,_last_name,_facebook,_clean_name,_party,_twitter,_twitter_followers
"Brady, Kevin",TX,8,Rep,TX8,Brady,kevinbrady,Kevin Brady,Republican,RepKevinBrady,-1
"Bishop, Mike",MI,8,Rep,MI8,Bishop,RepMikeBishop,Mike Bishop,Republican,RepMikeBishop,-1
"Black, Diane",TN,6,Rep,TN6,Black,DianeBlackTN06,Diane Black,Republican,RepDianeBlack,-1
"Buchanan, Vern",FL,16,Rep,FL16,Buchanan,CongressmanBuchanan,Vern Buchanan,Republican,VernBuchanan,-1
"Curbelo, Carlos",FL,26,Rep,FL26,Curbelo,repcurbelo,Carlos Curbelo,Republican,RepCurbelo,-1
"Holding, George",NC,2,Rep,NC2,Holding,CongressmanGeorgeHolding,George Holding,Republican,RepHolding,-1
"Jenkins, Lynn",KS,2,Rep,KS2,Jenkins,replynnjenkins,Lynn Jenkins,Republican,RepLynnJenkins,-1
"Johnson, Sam",TX,3,Rep,TX3,Johnson,RepSamJohnson,Sam Johnson,Republican,SamsPressShop,-1
"Kelly, Mike",PA,3,Rep,PA3,Kelly,191056827594903,Mike Kelly,Republican,MikeKellyPA,-1
"Marchant, Kenny",TX,24,Rep,TX24,Marchant,RepKennyMarchant,Kenny Marchant,Republican,RepKenMarchant,-1
"Meehan, Patrick",PA,7,Rep,PA7,Meehan,CongressmanPatrickMeehan,Patrick Meehan,Republican,RepMeehan,-1
"Noem, Kristi L.",SD,0,Rep,SD0,Noem,,Kristi L. Noem,Republican,RepKristiNoem,-1
"Nunes, Devin",CA,22,Rep,CA22,Nunes,,Devin Nunes,Republican,RepDevinNunes,-1
"Paulsen, Erik",MN,3,Rep,MN3,Paulsen,CongressmanErikPaulsen,Erik Paulsen,Republican,RepErikPaulsen,-1
"Reed, Tom",NY,23,Rep,NY23,Reed,RepTomReed,Tom Reed,Republican,RepTomReed,-1
"Reichert, David G.",WA,8,Rep,WA8,Reichert,repdavereichert,David G. Reichert,Republican,DaveReichert,-1
"Renacci, James B.",OH,16,Rep,OH16,Renacci,repjimrenacci,James B. Renacci,Republican,RepJimRenacci,-1
"Rice, Tom",SC,7,Rep,SC7,Rice,reptomrice,Tom Rice,Republican,RepTomRice,-1
"Roskam, Peter J.",IL,6,Rep,IL6,Roskam,PeterRoskam,Peter J. Roskam,Republican,PeterRoskam,-1
"Ryan, Paul D.",WI,1,Rep,WI1,Ryan,speakerryan,Paul D. Ryan,Republican,SpeakerRyan,-1
"Schweikert, David",AZ,6,Rep,AZ6,Schweikert,repdavidschweikert,David Schweikert,Republican,RepDavid,-1
"Smith, Adrian",NE,3,Rep,NE3,Smith,,Adrian Smith,Republican,RepAdrianSmith,-1
"Smith, Jason",MO,8,Rep,MO8,Smith,repjasonsmith,Jason Smith,Republican,RepJasonSmith,-1
"Tiberi, Patrick J.",OH,12,Rep,OH12,Tiberi,RepPatTiberi,Patrick J. Tiberi,Republican,pattiberi,-1
"Walorski, Jackie",IN,2,Rep,IN2,Walorski,RepJackieWalorski,Jackie Walorski,Republican,RepWalorski,-1
"Conaway, K. Michael",TX,11,Rep,TX11,Conaway,mike.conaway,K. Michael Conaway,Republican,ConawayTX11,-1
"McCarthy, Kevin",CA,23,Rep,CA23,McCarthy,CongressmanKevinMcCarthy,Kevin McCarthy,Republican,GOPLeader,-1
"Aderholt, Robert B.",AL,4,Rep,AL4,Aderholt,RobertAderholt,Robert B. Aderholt,Republican,Robert_Aderholt,-1
"Cole, Tom",OK,4,Rep,OK4,Cole,TomColeOK04,Tom Cole,Republican,TomColeOK04,-1
"Collins, Doug",GA,9,Rep,GA9,Collins,RepresentativeDougCollins,Doug Collins,Republican,RepDougCollins,-1
"Davis, Rodney",IL,13,Rep,IL13,Davis,RepRodneyDavis,Rodney Davis,Republican,RodneyDavis,-1
"Foxx, Virginia",NC,5,Rep,NC5,Foxx,RepVirginiaFoxx,Virginia Foxx,Republican,VirginiaFoxx,-1
"Granger, Kay",TX,12,Rep,TX12,Granger,RepKayGranger,Kay Granger,Republican,RepKayGranger,-1
"Graves, Tom",GA,14,Rep,GA14,Graves,reptomgraves,Tom Graves,Republican,RepTomGraves,-1
"McClintock, Tom",CA,4,Rep,CA4,McClintock,81125319109,Tom McClintock,Republican,RepMcClintock,-1
"McSally, Martha",AZ,2,Rep,AZ2,McSally,RepMcSally,Martha McSally,Republican,RepMcSally,-1
"Palmer, Gary J.",AL,6,Rep,AL6,Palmer,CongressmanGaryPalmer,Gary J. Palmer,Republican,USRepGaryPalmer,-1
"Poliquin, Bruce",ME,2,Rep,ME2,Poliquin,RepPoliquin,Bruce Poliquin,Republican,RepPoliquin,-1
"Scalise, Steve",LA,1,Rep,LA1,Scalise,RepSteveScalise,Steve Scalise,Republican,SteveScalise,-1
"Walker, Mark",NC,6,Rep,NC6,Walker,RepMarkWalker,Mark Walker,Republican,RepMarkWalker,-1
"Womack, Steve",AR,3,Rep,AR3,Womack,RepSteveWomack,Steve Womack,Republican,Rep_SteveWomack,-1
"Shuster, Bill",PA,9,Rep,PA9,Shuster,Rep.Shuster,Bill Shuster,Republican,RepBillShuster,-1
"Barletta, Lou",PA,11,Rep,PA11,Barletta,CongressmanLouBarletta,Lou Barletta,Republican,RepLouBarletta,-1
"Capuano, Michael E.",MA,7,Rep,MA7,Capuano,RepMichaelCapuano,Michael E. Capuano,Democrat,RepMikeCapuano,-1
"DeFazio, Peter A.",OR,4,Rep,OR4,DeFazio,RepPeterDeFazio,Peter A. DeFazio,Democrat,RepPeterDeFazio,-1
"Denham, Jeff",CA,10,Rep,CA10,Denham,RepJeffDenham,Jeff Denham,Republican,RepJeffDenham,-1
"Garamendi, John",CA,3,Rep,CA3,Garamendi,repgaramendi,John Garamendi,Democrat,RepGaramendi,-1
"Graves, Garret",LA,6,Rep,LA6,Graves,CongressmanGarretGraves,Garret Graves,Republican,RepGarretGraves,-1
"Graves, Sam",MO,6,Rep,MO6,Graves,118514606128,Sam Graves,Republican,RepSamGraves,-1
"Hunter, Duncan D.",CA,50,Rep,CA50,Hunter,DuncanHunter,Duncan Hunter,Republican,Rep_Hunter,-1
"Knight, Stephen",CA,25,Rep,CA25,Knight,RepresentativeSteveKnight,Stephen Knight,Republican,SteveKnight25,-1
"Larsen, Rick",WA,2,Rep,WA2,Larsen,RepRickLarsen,Rick Larsen,Democrat,RepRickLarsen,-1
"LoBiondo, Frank A.",NJ,2,Rep,NJ2,LoBiondo,FrankLoBiondo,Frank A. LoBiondo,Republican,RepLoBiondo,-1
"Napolitano, Grace F.",CA,32,Rep,CA32,Napolitano,RepGraceNapolitano,Grace F. Napolitano,Democrat,GraceNapolitano,-1
"Norton, Eleanor Holmes",DC,0,Rep,DC0,Norton,CongresswomanNorton,Eleanor Holmes Norton,Democrat,EleanorNorton,-1
"Smith, Lamar",TX,21,Rep,TX21,Smith,LamarSmithTX21,Lamar Smith,Republican,LamarSmithTX21,-1
"Titus, Dina",NV,1,Rep,NV1,Titus,CongresswomanTitus,Dina Titus,Democrat,RepDinaTitus,-1
"Goodlatte, Bob",VA,6,Rep,VA6,Goodlatte,BobGoodlatte,Bob Goodlatte,Republican,RepGoodlatte,-1
"Arrington, Jodey C.",TX,19,Rep,TX19,Arrington,JodeyArrington,Jodey C. Arrington,Republican,RepArrington,-1
"Byrne, Bradley",AL,1,Rep,AL1,Byrne,RepByrne,Bradley Byrne,Republican,RepByrne,-1
"Chabot, Steve",OH,1,Rep,OH1,Chabot,RepSteveChabot,Steve Chabot,Republican,RepSteveChabot,-1
"Franks, Trent",AZ,8,Rep,AZ8,Franks,TrentFranks,Trent Franks,Republican,RepTrentFranks,-1
"Harris, Andy",MD,1,Rep,MD1,Harris,AndyHarrisMD,Andy Harris,Republican,RepAndyHarrisMD,-1
"Higgins, Clay",LA,3,Rep,LA3,Higgins,CongressmanClayHiggins,Clay Higgins,Republican,RepClayHiggins,-1
"Huizenga, Bill",MI,2,Rep,MI2,Huizenga,RepHuizenga,Bill Huizenga,Republican,RepHuizenga,-1
"Hultgren, Randy",IL,14,Rep,IL14,Hultgren,RepHultgren,Randy Hultgren,Republican,RepHultgren,-1
"Jenkins, Evan H.",WV,3,Rep,WV3,Jenkins,RepEvanJenkins,Evan H. Jenkins,Republican,RepEvanJenkins,-1
"Labrador, Raul R.",ID,1,Rep,ID1,Labrador,raul.r.labrador,Raúl R. Labrador,Republican,Raul_Labrador,-1
"Luetkemeyer, Blaine",MO,3,Rep,MO3,Luetkemeyer,BlaineLuetkemeyer,Blaine Luetkemeyer,Republican,RepBlaine,-1
"Marino, Tom",PA,10,Rep,PA10,Marino,CongressmanMarino,Tom Marino,Republican,RepTomMarino,-1
"Peterson, Collin C.",MN,7,Rep,MN7,Peterson,,Collin C. Peterson,Democrat,,-1
"Radewagen, Aumua Amata Coleman",AS,0,Rep,AS0,Radewagen,aumuaamata,Aumua Amata Coleman Radewagen,Republican,RepAmata,-1
"Ratcliffe, John",TX,4,Rep,TX4,Ratcliffe,RepRatcliffe,John Ratcliffe,Republican,RepRatcliffe,-1
"Rokita, Todd",IN,4,Rep,IN4,Rokita,RepToddRokita,Todd Rokita,Republican,ToddRokita,-1
"Sessions, Pete",TX,32,Rep,TX32,Sessions,petesessions,Pete Sessions,Republican,PeteSessions,-1
"Tipton, Scott  R.",CO,3,Rep,CO3,Tipton,CongressmanScottTipton,Scott R. Tipton,Republican,RepTipton,-1
"Wagner, Ann",MO,2,Rep,MO2,Wagner,RepAnnWagner,Ann Wagner,Republican,RepAnnWagner,-1
"Walters, Mimi",CA,45,Rep,CA45,Walters,RepMimiWalters,Mimi Walters,Republican,RepMimiWalters,-1
"Young, David",IA,3,Rep,IA3,Young,RepDavidYoung,David Young,Republican,RepDavidYoung,-1
"Walden, Greg",OR,2,Rep,OR2,Walden,repgregwalden,Greg Walden,Republican,RepGregWalden,-1
"Burgess, Michael C.",TX,26,Rep,TX26,Burgess,michaelcburgess,Michael C. Burgess,Republican,MichaelCBurgess,-1
"Guthrie, Brett",KY,2,Rep,KY2,Guthrie,CongressmanGuthrie,Brett Guthrie,Republican,RepGuthrie,-1
"Kuster, Ann M.",NH,2,Rep,NH2,Kuster,CongresswomanAnnieKuster,Ann M. Kuster,Democrat,RepAnnieKuster,-1
"MacArthur, Thomas",NJ,3,Rep,NJ3,MacArthur,CongressmanTomMacArthur,Thomas MacArthur,Republican,RepTomMacArthur,-1
"Neal, Richard E.",MA,1,Rep,MA1,Neal,reprichardneal,Richard E. Neal,Democrat,RepRichardNeal,-1
"Pallone, Frank, Jr.",NJ,6,Rep,NJ6,Pallone,repfrankpallone,"Frank Pallone, Jr.",Democrat,FrankPallone,-1
"Roe, David P.",TN,1,Rep,TN1,Roe,DrPhilRoe,David P. Roe,Republican,DrPhilRoe,-1
"Sinema, Kyrsten",AZ,9,Rep,AZ9,Sinema,CongresswomanSinema,Kyrsten Sinema,Democrat,RepSinema,-1
"Stivers, Steve",OH,15,Rep,OH15,Stivers,116058275133542,Steve Stivers,Republican,RepSteveStivers,-1
"Walz, Timothy J.",MN,1,Rep,MN1,Walz,,Timothy J. Walz,Democrat,RepTimWalz,-1
"Smith, Christopher H.",NJ,4,Rep,NJ4,Smith,RepChrisSmith,Christopher H. Smith,Republican,RepChrisSmith,-1
"Amash, Justin",MI,3,Rep,MI3,Amash,repjustinamash,Justin Amash,Republican,,-1
"Babin, Brian",TX,36,Rep,TX36,Babin,RepBrianBabin,Brian Babin,Republican,RepBrianBabin,-1
"Bacon, Don",NE,2,Rep,NE2,Bacon,RepDonBacon,Don Bacon,Republican,repdonbacon,-1
"Banks, Jim",IN,3,Rep,IN3,Banks,RepJimBanks,Jim Banks,Republican,RepJimBanks,-1
"Biggs, Andy",AZ,5,Rep,AZ5,Biggs,RepAndyBiggs,Andy Biggs,Republican,RepAndyBiggsAZ,-1
"Bilirakis, Gus M.",FL,12,Rep,FL12,Bilirakis,GusBilirakis,Gus M. Bilirakis,Republican,RepGusBilirakis,-1
"Blackburn, Marsha",TN,7,Rep,TN7,Blackburn,marshablackburn,Marsha Blackburn,Republican,MarshaBlackburn,-1
"Bost, Mike",IL,12,Rep,IL12,Bost,RepBost,Mike Bost,Republican,RepBost,-1
"Bridenstine, Jim",OK,1,Rep,OK1,Bridenstine,CongressmanJimBridenstine,Jim Bridenstine,Republican,RepJBridenstine,-1
"Carter, John R.",TX,31,Rep,TX31,Carter,judgecarter,John R. Carter,Republican,JudgeCarter,-1
"Chaffetz, Jason",UT,3,Rep,UT3,Chaffetz,CongressmanJasonChaffetz,Jason Chaffetz,Republican,JasonInTheHouse,-1
"Cheney, Liz",WY,0,Rep,WY0,Cheney,replizcheney,Liz Cheney,Republican,RepLizCheney,-1
"Collins, Chris",NY,27,Rep,NY27,Collins,RepChrisCollins,Chris Collins,Republican,RepChrisCollins,-1
"Comer, James",KY,1,Rep,KY1,Comer,congressmancomer,James Comer,Republican,,-1
"Cramer, Kevin",ND,0,Rep,ND0,Cramer,CongressmanKevinCramer,Kevin Cramer,Republican,RepKevinCramer,-1
"Crawford, Eric A. ""Rick""",AR,1,Rep,AR1,Crawford,RepRickCrawford,"Eric A. ""Rick"" Crawford",Republican,RepRickCrawford,-1
"Duffy, Sean P.",WI,7,Rep,WI7,Duffy,RepSeanDuffy,Sean P. Duffy,Republican,RepSeanDuffy,-1
"Duncan, Jeff",SC,3,Rep,SC3,Duncan,RepJeffDuncan,Jeff Duncan,Republican,RepJeffDuncan,-1
"Duncan, John J., Jr.",TN,2,Rep,TN2,Duncan,CongressmanDuncan,"John J. Duncan, Jr.",Republican,RepJohnDuncanJr,-1
"Dunn, Neal P.",FL,2,Rep,FL2,Dunn,drnealdunnfl2,Neal P. Dunn,Republican,drnealdunnfl2,-1
"Emmer, Tom",MN,6,Rep,MN6,Emmer,reptomemmer,Tom Emmer,Republican,RepTomEmmer,-1
"Farenthold, Blake",TX,27,Rep,TX27,Farenthold,BlakeFarenthold,Blake Farenthold,Republican,Farenthold,-1
"Flores, Bill",TX,17,Rep,TX17,Flores,RepBillFlores,Bill Flores,Republican,RepBillFlores,-1
"Gaetz, Matt",FL,1,Rep,FL1,Gaetz,CongressmanMattGaetz,Matt Gaetz,Republican,RepMattGaetz,-1
"Gibbs, Bob",OH,7,Rep,OH7,Gibbs,RepBobGibbs,Bob Gibbs,Republican,RepBobGibbs,-1
"Gohmert, Louie",TX,1,Rep,TX1,Gohmert,50375006903,Louie Gohmert,Republican,RepLouieGohmert,-1
"Grothman, Glenn",WI,6,Rep,WI6,Grothman,RepGrothman,Glenn Grothman,Republican,RepGrothman,-1
"Harper, Gregg",MS,3,Rep,MS3,Harper,GreggHarper,Gregg Harper,Republican,GreggHarper,-1
"Hartzler, Vicky",MO,4,Rep,MO4,Hartzler,Congresswoman.Hartzler,Vicky Hartzler,Republican,RepHartzler,-1
"Hensarling, Jeb",TX,5,Rep,TX5,Hensarling,RepHensarling,Jeb Hensarling,Republican,RepHensarling,-1
"Hice, Jody B.",GA,10,Rep,GA10,Hice,CongressmanJodyHice,Jody B. Hice,Republican,congressmanhice,-1
"Johnson, Bill",OH,6,Rep,OH6,Johnson,RepBillJohnson,Bill Johnson,Republican,RepBillJohnson,-1
"Johnson, Mike",LA,4,Rep,LA4,Johnson,RepMikeJohnson,Mike Johnson,Republican,RepMikeJohnson,-1
"Jones, Walter B., Jr.",NC,3,Rep,NC3,Jones,15083070102,Walter B. Jones,Republican,RepWalterJones,-1
"Jordan, Jim",OH,4,Rep,OH4,Jordan,repjimjordan,Jim Jordan,Republican,Jim_Jordan,-1
"Kelly, Trent",MS,1,Rep,MS1,Kelly,reptrentkelly,Trent Kelly,Republican,reptrentkelly,-1
"LaHood, Darin",IL,18,Rep,IL18,LaHood,replahood,Darin LaHood,Republican,RepLaHood,-1
"Lamborn, Doug",CO,5,Rep,CO5,Lamborn,CongressmanDougLamborn,Doug Lamborn,Republican,RepDLamborn,-1
"Latta, Robert E.",OH,5,Rep,OH5,Latta,boblatta,Robert E. Latta,Republican,BobLatta,-1
"Lipinski, Daniel",IL,3,Rep,IL3,Lipinski,repdanlipinski,Daniel Lipinski,Democrat,RepLipinski,-1
"Love, Mia B.",UT,4,Rep,UT4,Love,repmialove,Mia B. Love,Republican,repmialove,-1
"Massie, Thomas",KY,4,Rep,KY4,Massie,RepThomasMassie,Thomas Massie,Republican,RepThomasMassie,-1
"McKinley, David B.",WV,1,Rep,WV1,McKinley,RepMcKinley,David B. McKinley,Republican,RepMcKinley,-1
"Meadows, Mark",NC,11,Rep,NC11,Meadows,Repmarkmeadows,Mark Meadows,Republican,RepMarkMeadows,-1
"Messer, Luke",IN,6,Rep,IN6,Messer,RepLukeMesser,Luke Messer,Republican,RepLukeMesser,-1
"Mitchell, Paul",MI,10,Rep,MI10,Mitchell,reppaulmitchell,Paul Mitchell,Republican,RepPaulMitchell,-1
"Moolenaar, John R.",MI,4,Rep,MI4,Moolenaar,RepMoolenaar,John R. Moolenaar,Republican,RepMoolenaar,-1
"Mooney, Alexander X.",WV,2,Rep,WV2,Mooney,CongressmanAlexMooney,Alexander X. Mooney,Republican,RepAlexMooney,-1
"Mullin, Markwayne",OK,2,Rep,OK2,Mullin,RepMullin,Markwayne Mullin,Republican,RepMullin,-1
"Murphy, Tim",PA,18,Rep,PA18,Murphy,reptimmurphy,Tim Murphy,Republican,RepTimMurphy,-1
"Newhouse, Dan",WA,4,Rep,WA4,Newhouse,RepNewhouse,Dan Newhouse,Republican,RepNewhouse,-1
"Olson, Pete",TX,22,Rep,TX22,Olson,Rep.PeteOlson,Pete Olson,Republican,RepPeteOlson,-1
"Palazzo, Steven M.",MS,4,Rep,MS4,Palazzo,stevenpalazzo,Steven M. Palazzo,Republican,CongPalazzo,-1
"Pearce, Stevan",NM,2,Rep,NM2,Pearce,RepStevePearce,Stevan Pearce,Republican,RepStevePearce,-1
"Pittenger, Robert",NC,9,Rep,NC9,Pittenger,congressmanpittenger,Robert Pittenger,Republican,RepPittenger,-1
"Poe, Ted",TX,2,Rep,TX2,Poe,106631626049851,Ted Poe,Republican,JudgeTedPoe,-1
"Roby, Martha",AL,2,Rep,AL2,Roby,Representative.Martha.Roby,Martha Roby,Republican,RepMarthaRoby,-1
"Rogers, Mike D.",AL,3,Rep,AL3,Rogers,CongressmanMikeDRogers,Mike Rogers,Republican,RepMikeRogersAL,-1
"Rooney, Francis",FL,19,Rep,FL19,Rooney,RepRooney,Francis Rooney,Republican,RepRooney,-1
"Rooney, Thomas J.",FL,17,Rep,FL17,Rooney,reptomrooney,Thomas J. Rooney,Republican,TomRooney,-1
"Rothfus, Keith J.",PA,12,Rep,PA12,Rothfus,keithrothfus,Keith J. Rothfus,Republican,KeithRothfus,-1
"Russell, Steve",OK,5,Rep,OK5,Russell,reprussell,Steve Russell,Republican,RepRussell,-1
"Scott, Austin",GA,8,Rep,GA8,Scott,RepAustinScott,Austin Scott,Republican,AustinScottGA08,-1
"Stewart, Chris",UT,2,Rep,UT2,Stewart,RepChrisStewart,Chris Stewart,Republican,RepChrisStewart,-1
"Walberg, Tim",MI,7,Rep,MI7,Walberg,RepWalberg,Tim Walberg,Republican,RepWalberg,-1
"Weber, Randy K., Sr.",TX,14,Rep,TX14,Weber,TXRandy14,"Randy K. Weber, Sr.",Republican,TXRandy14,-1
"Webster, Daniel",FL,11,Rep,FL11,Webster,RepWebster,Daniel Webster,Republican,RepWebster,-1
"Wenstrup, Brad R.",OH,2,Rep,OH2,Wenstrup,RepBradWenstrup,Brad R. Wenstrup,Republican,RepBradWenstrup,-1
"Wilson, Joe",SC,2,Rep,SC2,Wilson,JoeWilson,Joe Wilson,Republican,RepJoeWilson,-1
"Woodall, Rob",GA,7,Rep,GA7,Woodall,RepRobWoodall,Rob Woodall,Republican,RepRobWoodall,-1
"Yoder, Kevin",KS,3,Rep,KS3,Yoder,CongressmanKevinYoder,Kevin Yoder,Republican,RepKevinYoder,-1
"Yoho, Ted S.",FL,3,Rep,FL3,Yoho,CongressmanTedYoho,Ted S. Yoho,Republican,RepTedYoho,-1
"Brownley, Julia",CA,26,Rep,CA26,Brownley,RepJuliaBrownley,Julia Brownley,Democrat,JuliaBrownley26,-1
"Bustos, Cheri",IL,17,Rep,IL17,Bustos,RepCheri,Cheri Bustos,Democrat,RepCheri,-1
"Cummings, Elijah E.",MD,7,Rep,MD7,Cummings,elijahcummings,Elijah E. Cummings,Democrat,RepCummings,-1
"DeSaulnier, Mark",CA,11,Rep,CA11,DeSaulnier,RepMarkDeSaulnier,Mark DeSaulnier,Democrat,RepDeSaulnier,-1
"Esty, Elizabeth H.",CT,5,Rep,CT5,Esty,RepEsty,Elizabeth H. Esty,Democrat,RepEsty,-1
"Faso, John J.",NY,19,Rep,NY19,Faso,RepJohnFaso,John J. Faso,Republican,RepJohnFaso,-1
"Ferguson, A. Drew, IV",GA,3,Rep,GA3,Ferguson,RepDrewFerguson,A. Drew Ferguson IV,Republican,RepDrewFerguson,-1
"Johnson, Eddie Bernice",TX,30,Rep,TX30,Johnson,CongresswomanEBJtx30,Eddie Bernice Johnson,Democrat,RepEBJ,-1
"Lawrence, Brenda L.",MI,14,Rep,MI14,Lawrence,395759603917487,Brenda L. Lawrence,Democrat,RepLawrence,-1
"Lowenthal, Alan S.",CA,47,Rep,CA47,Lowenthal,RepLowenthal,Alan S. Lowenthal,Democrat,RepLowenthal,-1
"Nolan, Richard M.",MN,8,Rep,MN8,Nolan,UsRepRickNolan,Richard M. Nolan,Democrat,USRepRickNolan,-1
"Payne, Donald M., Jr.",NJ,10,Rep,NJ10,Payne,DonaldPayneJr,"Donald M. Payne, Jr.",Democrat,RepDonaldPayne,-1
"Rouzer, David",NC,7,Rep,NC7,Rouzer,RepRouzer,David Rouzer,Republican,RepDavidRouzer,-1
"Sanford, Mark",SC,1,Rep,SC1,Sanford,RepSanfordSC,Mark Sanford,Republican,RepSanfordSC,-1
"Wilson, Frederica S.",FL,24,Rep,FL24,Wilson,RepWilson,Frederica S. Wilson,Democrat,RepWilson,-1
"Barr, Andy",KY,6,Rep,KY6,Barr,RepAndyBarr,Andy Barr,Republican,RepAndyBarr,-1
"Budd, Ted",NC,13,Rep,NC13,Budd,RepTedBudd,Ted Budd,Republican,RepTedBudd,-1
"Davidson, Warren",OH,8,Rep,OH8,Davidson,CongressmanWarrenDavidson,Warren Davidson,Republican,WarrenDavidson,-1
"Estes, Ron",KS,4,Rep,KS4,Estes,RepRonEstes,Ron Estes,Republican,RepRonEstes,-1
"Hill, J. French",AR,2,Rep,AR2,Hill,RepFrenchHill,J. French Hill,Republican,RepFrenchHill,-1
"Hollingsworth, Trey",IN,9,Rep,IN9,Hollingsworth,reptrey,Trey Hollingsworth,Republican,reptrey,-1
"King, Peter T.",NY,2,Rep,NY2,King,reppeteking,Peter T. King,Republican,RepPeteKing,-1
"Kustoff, David",TN,8,Rep,TN8,Kustoff,RepDavidKustoff,David Kustoff,Republican,repdavidkustoff,-1
"Loudermilk, Barry",GA,11,Rep,GA11,Loudermilk,reploudermilk,Barry Loudermilk,Republican,RepLoudermilk,-1
"McHenry, Patrick T.",NC,10,Rep,NC10,McHenry,CongressmanMcHenry,Patrick T. McHenry,Republican,PatrickMcHenry,-1
"Posey, Bill",FL,8,Rep,FL8,Posey,bill.posey15,Bill Posey,Republican,CongBillPosey,-1
"Royce, Edward R.",CA,39,Rep,CA39,Royce,EdRoyce,Edward R. Royce,Republican,RepEdRoyce,-1
"Tenney, Claudia",NY,22,Rep,NY22,Tenney,RepClaudiaTenney,Claudia Tenney,Republican,RepTenney,-1
"Thornberry, Mac",TX,13,Rep,TX13,Thornberry,repmacthornberry,Mac Thornberry,Republican,MacTXPress,-1
"Trott, David A.",MI,11,Rep,MI11,Trott,RepDaveTrott,David A. Trott,Republican,repdavetrott,-1
"Williams, Roger",TX,25,Rep,TX25,Williams,RepRogerWilliams,Roger Williams,Republican,RepRWilliams,-1
"Wittman, Robert J.",VA,1,Rep,VA1,Wittman,RepRobWittman,Robert J. Wittman,Republican,RobWittman,-1
"Zeldin, Lee M.",NY,1,Rep,NY1,Zeldin,RepLeeZeldin,Lee M. Zeldin,Republican,RepLeeZeldin,-1
"Lewis, John",GA,5,Rep,GA5,Lewis,RepJohnLewis,John Lewis,Democrat,RepJohnLewis,-1
"Adams, Alma S.",NC,12,Rep,NC12,Adams,CongresswomanAdams,Alma S. Adams,Democrat,RepAdams,-1
"Aguilar, Pete",CA,31,Rep,CA31,Aguilar,reppeteaguilar,Pete Aguilar,Democrat,reppeteaguilar,-1
"Barragan, Nanette Diaz",CA,44,Rep,CA44,Barragan,CongresswomanBarragan,Nanette Diaz Barragán,Democrat,RepBarragan,-1
"Bass, Karen",CA,37,Rep,CA37,Bass,RepKarenBass,Karen Bass,Democrat,RepKarenBass,-1
"Beatty, Joyce",OH,3,Rep,OH3,Beatty,RepJoyceBeatty,Joyce Beatty,Democrat,RepBeatty,-1
"Bera, Ami",CA,7,Rep,CA7,Bera,RepAmiBera,Ami Bera,Democrat,RepBera,-1
"Beyer, Donald S., Jr.",VA,8,Rep,VA8,Beyer,RepDonBeyer,"Donald S. Beyer, Jr.",Democrat,RepDonBeyer,-1
"Bishop, Sanford D., Jr.",GA,2,Rep,GA2,Bishop,sanfordbishop,"Sanford D. Bishop, Jr.",Democrat,SanfordBishop,-1
"Blumenauer, Earl",OR,3,Rep,OR3,Blumenauer,,Earl Blumenauer,Democrat,BlumenauerMedia,-1
"Blunt Rochester, Lisa",DE,0,Rep,DE0,Blunt Rochester,Rep.BluntRochester,Lisa Blunt Rochester,Democrat,RepLBR,-1
"Bonamici, Suzanne",OR,1,Rep,OR1,Bonamici,congresswomanbonamici,Suzanne Bonamici,Democrat,RepBonamici,-1
"Bordallo, Madeleine Z.",GU,0,Rep,GU0,Bordallo,madeleine.bordallo,Madeleine Z. Bordallo,Democrat,,-1
"Boyle, Brendan F.",PA,13,Rep,PA13,Boyle,CongressmanBoyle,Brendan F. Boyle,Democrat,CongBoyle,-1
"Brady, Robert A.",PA,1,Rep,PA1,Brady,RepRobertBrady,Robert A. Brady,Democrat,RepBrady,-1
"Brown, Anthony G.",MD,4,Rep,MD4,Brown,RepAnthonyBrown,Anthony G. Brown,Democrat,RepAnthonyBrown,-1
"Butterfield, G. K.",NC,1,Rep,NC1,Butterfield,congressmangkbutterfield,G. K. Butterfield,Democrat,GKButterfield,-1
"Carbajal, Salud O.",CA,24,Rep,CA24,Carbajal,repsaludcarbajal,Salud O. Carbajal,Democrat,RepCarbajal,-1
"Cardenas, Tony",CA,29,Rep,CA29,Cardenas,repcardenas,Tony Cárdenas,Democrat,RepCardenas,-1
"Carson, Andre",IN,7,Rep,IN7,Carson,CongressmanAndreCarson,André Carson,Democrat,RepAndreCarson,-1
"Cartwright, Matt",PA,17,Rep,PA17,Cartwright,CongressmanMattCartwright,Matt Cartwright,Democrat,RepCartwright,-1
"Castor, Kathy",FL,14,Rep,FL14,Castor,USRepKathyCastor,Kathy Castor,Democrat,USRepKCastor,-1
"Castro, Joaquin",TX,20,Rep,TX20,Castro,326420614138023,Joaquin Castro,Democrat,JoaquinCastrotx,-1
"Chu, Judy",CA,27,Rep,CA27,Chu,RepJudyChu,Judy Chu,Democrat,RepJudyChu,-1
"Cicilline, David N.",RI,1,Rep,RI1,Cicilline,CongressmanDavidCicilline,David N. Cicilline,Democrat,RepCicilline,-1
"Clark, Katherine M.",MA,5,Rep,MA5,Clark,CongresswomanClark,Katherine M. Clark,Democrat,RepKClark,-1
"Clarke, Yvette D.",NY,9,Rep,NY9,Clarke,repyvettedclarke,Yvette D. Clarke,Democrat,RepYvetteClarke,-1
"Clay, Wm. Lacy",MO,1,Rep,MO1,Clay,109135405838588,Wm. Lacy Clay,Democrat,,-1
"Cleaver, Emanuel",MO,5,Rep,MO5,Cleaver,emanuelcleaverii,Emanuel Cleaver,Democrat,RepCleaver,-1
"Clyburn, James E.",SC,6,Rep,SC6,Clyburn,jameseclyburn,James E. Clyburn,Democrat,Clyburn,-1
"Cohen, Steve",TN,9,Rep,TN9,Cohen,CongressmanSteveCohen,Steve Cohen,Democrat,RepCohen,-1
"Connolly, Gerald E.",VA,11,Rep,VA11,Connolly,CongressmanGerryConnolly,Gerald E. Connolly,Democrat,GerryConnolly,-1
"Conyers, John, Jr.",MI,13,Rep,MI13,Conyers,CongressmanConyers,"John Conyers, Jr.",Democrat,RepJohnConyers,-1
"Correa, J. Luis",CA,46,Rep,CA46,Correa,RepLouCorrea,J. Luis Correa,Democrat,reploucorrea,-1
"Costa, Jim",CA,16,Rep,CA16,Costa,RepJimCosta,Jim Costa,Democrat,RepJimCosta,-1
"Courtney, Joe",CT,2,Rep,CT2,Courtney,joecourtney,Joe Courtney,Democrat,RepJoeCourtney,-1
"Crist, Charlie",FL,13,Rep,FL13,Crist,RepCharlieCrist,Charlie Crist,Democrat,repcharliecrist,-1
"Crowley, Joseph",NY,14,Rep,NY14,Crowley,repjoecrowley,Joseph Crowley,Democrat,RepJoeCrowley,-1
"Davis, Danny K.",IL,7,Rep,IL7,Davis,CongressmanDKDavis,Danny K. Davis,Democrat,RepDannyDavis,-1
"Davis, Susan A.",CA,53,Rep,CA53,Davis,RepSusanDavis,Susan A. Davis,Democrat,RepSusanDavis,-1
"DeGette, Diana",CO,1,Rep,CO1,DeGette,DianaDeGette,Diana DeGette,Democrat,RepDianaDeGette,-1
"Delaney, John K.",MD,6,Rep,MD6,Delaney,congressmanjohndelaney,John K. Delaney,Democrat,RepJohnDelaney,-1
"DeLauro, Rosa L.",CT,3,Rep,CT3,DeLauro,CongresswomanRosaDeLauro,Rosa L. DeLauro,Democrat,RosaDeLauro,-1
"Demings, Val Butler",FL,10,Rep,FL10,Demings,RepresentativeValDemings,Val Butler Demings,Democrat,RepValDemings,-1
"Deutch, Theodore E.",FL,22,Rep,FL22,Deutch,CongressmanTedDeutch,Theodore E. Deutch,Democrat,RepTedDeutch,-1
"Dingell, Debbie",MI,12,Rep,MI12,Dingell,RepDebbieDingell,Debbie Dingell,Democrat,RepDebDingell,-1
"Doyle, Michael F.",PA,14,Rep,PA14,Doyle,usrepmikedoyle,Michael F. Doyle,Democrat,USRepMikeDoyle,-1
"Ellison, Keith",MN,5,Rep,MN5,Ellison,Keith.Ellison,Keith Ellison,Democrat,KeithEllison,-1
"Engel, Eliot L.",NY,16,Rep,NY16,Engel,RepEliotLEngel,Eliot L. Engel,Democrat,RepEliotEngel,-1
"Eshoo, Anna G.",CA,18,Rep,CA18,Eshoo,RepAnnaEshoo,Anna G. Eshoo,Democrat,RepAnnaEshoo,-1
"Espaillat, Adriano",NY,13,Rep,NY13,Espaillat,RepEspaillat,Adriano Espaillat,Democrat,RepEspaillat,-1
"Evans, Dwight",PA,2,Rep,PA2,Evans,RepDwightEvans,Dwight Evans,Democrat,RepDwightEvans,-1
"Foster, Bill",IL,11,Rep,IL11,Foster,CongressmanBillFoster,Bill Foster,Democrat,RepBillFoster,-1
"Frankel, Lois",FL,21,Rep,FL21,Frankel,RepLoisFrankel,Lois Frankel,Democrat,RepLoisFrankel,-1
"Fudge, Marcia L.",OH,11,Rep,OH11,Fudge,RepMarciaLFudge,Marcia L. Fudge,Democrat,RepMarciaFudge,-1
"Gabbard, Tulsi",HI,2,Rep,HI2,Gabbard,RepTulsiGabbard,Tulsi Gabbard,Democrat,TulsiPress,-1
"Gallego, Ruben",AZ,7,Rep,AZ7,Gallego,RepRubenGallego,Ruben Gallego,Democrat,RepRubenGallego,-1
"Gomez, Jimmy",CA,34,Rep,CA34,Gomez,RepJimmyGomez,Jimmy Gomez,Democrat,RepJimmyGomez,-1
"Gonzalez, Vicente",TX,15,Rep,TX15,Gonzalez,USCongressmanVicenteGonzalez,Vicente Gonzalez,Democrat,RepGonzalez,-1
"Green, Al",TX,9,Rep,TX9,Green,repalgreen,Al Green,Democrat,RepAlGreen,-1
"Green, Gene",TX,29,Rep,TX29,Green,RepGeneGreen,Gene Green,Democrat,RepGeneGreen,-1
"Grijalva, Raul M.",AZ,3,Rep,AZ3,Grijalva,Rep.Grijalva,Raúl M. Grijalva,Democrat,RepraulGrijalva,-1
"Gutierrez, Luis V.",IL,4,Rep,IL4,Gutierrez,RepGutierrez,Luis V. Gutiérrez,Democrat,RepGutierrez,-1
"Hanabusa, Colleen",HI,1,Rep,HI1,Hanabusa,RepColleenHanabusa,Colleen Hanabusa,Democrat,RepHanabusa,-1
"Hastings, Alcee L.",FL,20,Rep,FL20,Hastings,95696782238,Alcee L. Hastings,Democrat,RepHastingsFL,-1
"Heck, Denny",WA,10,Rep,WA10,Heck,CongressmanDennyHeck,Denny Heck,Democrat,RepDennyHeck,-1
"Higgins, Brian",NY,26,Rep,NY26,Higgins,RepBrianHiggins,Brian Higgins,Democrat,RepBrianHiggins,-1
"Himes, James A.",CT,4,Rep,CT4,Himes,CongressmanJimHimes,James A. Himes,Democrat,JAHimes,-1
"Hoyer, Steny H.",MD,5,Rep,MD5,Hoyer,WhipHoyer,Steny H. Hoyer,Democrat,WhipHoyer,-1
"Huffman, Jared",CA,2,Rep,CA2,Huffman,RepHuffman,Jared Huffman,Democrat,RepHuffman,-1
"Jackson Lee, Sheila",TX,18,Rep,TX18,Jackson Lee,CongresswomanSheilaJacksonLee,Sheila Jackson Lee,Democrat,JacksonLeeTX18,-1
"Jayapal, Pramila",WA,7,Rep,WA7,Jayapal,RepJayapal,Pramila Jayapal,Democrat,RepJayapal,-1
"Jeffries, Hakeem S.",NY,8,Rep,NY8,Jeffries,RepHakeemJeffries,Hakeem S. Jeffries,Democrat,RepJeffries,-1
"Johnson, Henry C. ""Hank,"" Jr.",GA,4,Rep,GA4,Johnson,115356957005,"Henry C. ""Hank"" Johnson, Jr.",Democrat,RepHankJohnson,-1
"Kaptur, Marcy",OH,9,Rep,OH9,Kaptur,RepresentativeMarcyKaptur,Marcy Kaptur,Democrat,RepMarcyKaptur,-1
"Keating, William R.",MA,9,Rep,MA9,Keating,Congressman.Keating,William R. Keating,Democrat,USRepKeating,-1
"Kelly, Robin L.",IL,2,Rep,IL2,Kelly,reprobinkelly,Robin L. Kelly,Democrat,RepRobinKelly,-1
"Kennedy, Joseph P., III",MA,4,Rep,MA4,Kennedy,301936109927957,Joseph P. Kennedy III,Democrat,RepJoeKennedy,-1
"Khanna, Ro",CA,17,Rep,CA17,Khanna,RepRoKhanna,Ro Khanna,Democrat,RepRoKhanna,-1
"Kihuen, Ruben J.",NV,4,Rep,NV4,Kihuen,RepKihuen,Ruben J. Kihuen,Democrat,RepKihuen,-1
"Kildee, Daniel T.",MI,5,Rep,MI5,Kildee,RepDanKildee,Daniel T. Kildee,Democrat,RepDanKildee,-1
"Kilmer, Derek",WA,6,Rep,WA6,Kilmer,derek.kilmer,Derek Kilmer,Democrat,RepDerekKilmer,-1
"Kind, Ron",WI,3,Rep,WI3,Kind,repronkind,Ron Kind,Democrat,RepRonKind,-1
"Krishnamoorthi, Raja",IL,8,Rep,IL8,Krishnamoorthi,congressmanraja,Raja Krishnamoorthi,Democrat,congressmanraja,-1
"Lamb, Conor",PA,18,Rep,PA18,Lamb,RepConorLamb,Conor Lamb,Democrat,RepConorLamb,-1
"Langevin, James R.",RI,2,Rep,RI2,Langevin,CongressmanJimLangevin,James R. Langevin,Democrat,JimLangevin,-1
"Larson, John B.",CT,1,Rep,CT1,Larson,RepJohnLarson,John B. Larson,Democrat,RepJohnLarson,-1
"Lawson, Al, Jr.",FL,5,Rep,FL5,Lawson,RepAlLawsonJr,"Al Lawson, Jr.",Democrat,RepAlLawsonJr,-1
"Lee, Barbara",CA,13,Rep,CA13,Lee,RepBarbaraLee,Barbara Lee,Democrat,RepBarbaraLee,-1
"Levin, Sander M.",MI,9,Rep,MI9,Levin,RepSandyLevin,Sander M. Levin,Democrat,RepSandyLevin,-1
"Lieu, Ted",CA,33,Rep,CA33,Lieu,RepTedLieu,Ted Lieu,Democrat,RepTedLieu,-1
"Loebsack, David",IA,2,Rep,IA2,Loebsack,DaveLoebsack,David Loebsack,Democrat,DaveLoebsack,-1
"Lofgren, Zoe",CA,19,Rep,CA19,Lofgren,zoelofgren,Zoe Lofgren,Democrat,RepZoeLofgren,-1
"Lowey, Nita M.",NY,17,Rep,NY17,Lowey,RepLowey,Nita M. Lowey,Democrat,NitaLowey,-1
"Lujan Grisham, Michelle",NM,1,Rep,NM1,Lujan Grisham,RepLujanGrisham,Michelle Lujan Grisham,Democrat,RepLujanGrisham,-1
"Lujan, Ben Ray",NM,3,Rep,NM3,Lujan,RepBenRayLujan,Ben Ray Luján,Democrat,RepBenRayLujan,-1
"Lynch, Stephen F.",MA,8,Rep,MA8,Lynch,repstephenlynch,Stephen F. Lynch,Democrat,RepStephenLynch,-1
"Maloney, Carolyn B.",NY,12,Rep,NY12,Maloney,RepCarolynMaloney,Carolyn B. Maloney,Democrat,RepMaloney,-1
"Maloney, Sean Patrick",NY,18,Rep,NY18,Maloney,RepSeanMaloney,Sean Patrick Maloney,Democrat,RepSeanMaloney,-1
"Matsui, Doris O.",CA,6,Rep,CA6,Matsui,doris.matsui,Doris O. Matsui,Democrat,DorisMatsui,-1
"McCollum, Betty",MN,4,Rep,MN4,McCollum,repbettymccollum,Betty McCollum,Democrat,BettyMcCollum04,-1
"McEachin, A. Donald",VA,4,Rep,VA4,McEachin,RepMcEachin,A. Donald McEachin,Democrat,RepMcEachin,-1
"McGovern, James P.",MA,2,Rep,MA2,McGovern,RepJimMcGovern,James P. McGovern,Democrat,RepMcGovern,-1
"McNerney, Jerry",CA,9,Rep,CA9,McNerney,jerrymcnerney,Jerry McNerney,Democrat,RepMcNerney,-1
"Meeks, Gregory W.",NY,5,Rep,NY5,Meeks,gregorymeeksny05,Gregory W. Meeks,Democrat,RepGregoryMeeks,-1
"Meng, Grace",NY,6,Rep,NY6,Meng,repgracemeng,Grace Meng,Democrat,RepGraceMeng,-1
"Moore, Gwen",WI,4,Rep,WI4,Moore,GwenSMoore,Gwen Moore,Democrat,RepGwenMoore,-1
"Moulton, Seth",MA,6,Rep,MA6,Moulton,CongressmanSethMoulton,Seth Moulton,Democrat,teammoulton,-1
"Nadler, Jerrold",NY,10,Rep,NY10,Nadler,CongressmanNadler,Jerrold Nadler,Democrat,RepJerryNadler,-1
"Norcross, Donald",NJ,1,Rep,NJ1,Norcross,DonaldNorcrossNJ,Donald Norcross,Democrat,DonaldNorcross,-1
"O'Halleran, Tom",AZ,1,Rep,AZ1,O'Halleran,repohalleran,Tom O’Halleran,Democrat,repohalleran,-1
"O'Rourke, Beto",TX,16,Rep,TX16,O'Rourke,betoorourketx16,Beto O’Rourke,Democrat,RepBetoORourke,-1
"Panetta, Jimmy",CA,20,Rep,CA20,Panetta,RepJimmyPanetta,Jimmy Panetta,Democrat,RepJimmyPanetta,-1
"Pascrell, Bill, Jr.",NJ,9,Rep,NJ9,Pascrell,pascrell,"Bill Pascrell, Jr.",Democrat,BillPascrell,-1
"Pelosi, Nancy",CA,12,Rep,CA12,Pelosi,NancyPelosi,Nancy Pelosi,Democrat,NancyPelosi,-1
"Perlmutter, Ed",CO,7,Rep,CO7,Perlmutter,RepPerlmutter,Ed Perlmutter,Democrat,RepPerlmutter,-1
"Peters, Scott H.",CA,52,Rep,CA52,Peters,RepScottPeters,Scott H. Peters,Democrat,RepScottPeters,-1
"Pingree, Chellie",ME,1,Rep,ME1,Pingree,ChelliePingree,Chellie Pingree,Democrat,ChelliePingree,-1
"Plaskett, Stacey E.",VI,0,Rep,VI0,Plaskett,repstaceyplaskett,Stacey E. Plaskett,Democrat,staceyplaskett,-1
"Pocan, Mark",WI,2,Rep,WI2,Pocan,repmarkpocan,Mark Pocan,Democrat,RepMarkPocan,-1
"Polis, Jared",CO,2,Rep,CO2,Polis,jaredpolis,Jared Polis,Democrat,RepJaredPolis,-1
"Price, David E.",NC,4,Rep,NC4,Price,RepDavidEPrice,David E. Price,Democrat,RepDavidEPrice,-1
"Quigley, Mike",IL,5,Rep,IL5,Quigley,repmikequigley,Mike Quigley,Democrat,RepMikeQuigley,-1
"Raskin, Jamie",MD,8,Rep,MD8,Raskin,repraskin,Jamie Raskin,Democrat,repraskin,-1
"Rice, Kathleen M.",NY,4,Rep,NY4,Rice,RepKathleenRice,Kathleen M. Rice,Democrat,RepKathleenRice,-1
"Richmond, Cedric L.",LA,2,Rep,LA2,Richmond,RepRichmond,Cedric L. Richmond,Democrat,RepRichmond,-1
"Rosen, Jacky",NV,3,Rep,NV3,Rosen,RepJackyRosen,Jacky Rosen,Democrat,repjackyrosen,-1
"Roybal-Allard, Lucille",CA,40,Rep,CA40,Roybal-Allard,RepRoybalAllard,Lucille Roybal-Allard,Democrat,RepRoybalAllard,-1
"Rush, Bobby L.",IL,1,Rep,IL1,Rush,congressmanbobbyrush,Bobby L. Rush,Democrat,RepBobbyRush,-1
"Ryan, Tim",OH,13,Rep,OH13,Ryan,timryan,Tim Ryan,Democrat,RepTimRyan,-1
"Sablan, Gregorio Kilili Camacho",MP,0,Rep,MP0,Sablan,153423912663,Gregorio Kilili Camacho Sablan,Democrat,Kilili_Sablan,-1
"Sanchez, Linda T.",CA,38,Rep,CA38,Sanchez,CongresswomanLindaSanchez,Linda T. Sánchez,Democrat,RepLindaSanchez,-1
"Sarbanes, John P.",MD,3,Rep,MD3,Sarbanes,RepSarbanes,John P. Sarbanes,Democrat,RepSarbanes,-1
"Schakowsky, Janice D.",IL,9,Rep,IL9,Schakowsky,janschakowsky,Janice D. Schakowsky,Democrat,JanSchakowsky,-1
"Schiff, Adam B.",CA,28,Rep,CA28,Schiff,RepAdamSchiff,Adam B. Schiff,Democrat,RepAdamSchiff,-1
"Schneider, Bradley Scott",IL,10,Rep,IL10,Schneider,CongressmanBradSchneider,Bradley Scott Schneider,Democrat,repschneider,-1
"Schrader, Kurt",OR,5,Rep,OR5,Schrader,repschrader,Kurt Schrader,Democrat,RepSchrader,-1
"Scott, David",GA,13,Rep,GA13,Scott,113303673339,David Scott,Democrat,RepDavidScott,-1
"Scott, Robert C. ""Bobby""",VA,3,Rep,VA3,Scott,RepBobbyScott,"Robert C. ""Bobby"" Scott",Democrat,BobbyScott,-1
"Serrano, Jose E.",NY,15,Rep,NY15,Serrano,RepJoseSerrano,José E. Serrano,Democrat,RepJoseSerrano,-1
"Sewell, Terri A.",AL,7,Rep,AL7,Sewell,RepSewell,Terri A. Sewell,Democrat,RepTerriSewell,-1
"Shea-Porter, Carol",NH,1,Rep,NH1,Shea-Porter,repsheaporter,Carol Shea-Porter,Democrat,repsheaporter,-1
"Sherman, Brad",CA,30,Rep,CA30,Sherman,63158229861,Brad Sherman,Democrat,BradSherman,-1
"Sires, Albio",NJ,8,Rep,NJ8,Sires,81058818750,Albio Sires,Democrat,RepSires,-1
"Slaughter, Louise McIntosh",NY,25,Rep,NY25,Slaughter,RepLouiseSlaughter,Louise McIntosh Slaughter,Democrat,LouiseSlaughter,-1
"Smith, Adam",WA,9,Rep,WA9,Smith,RepAdamSmith,Adam Smith,Democrat,RepAdamSmith,-1
"Soto, Darren",FL,9,Rep,FL9,Soto,CongressmanDarrenSoto,Darren Soto,Democrat,RepDarrenSoto,-1
"Speier, Jackie",CA,14,Rep,CA14,Speier,JackieSpeier,Jackie Speier,Democrat,RepSpeier,-1
"Suozzi, Thomas R.",NY,3,Rep,NY3,Suozzi,RepTomSuozzi,Thomas R. Suozzi,Democrat,RepTomSuozzi,-1
"Swalwell, Eric",CA,15,Rep,CA15,Swalwell,CongressmanEricSwalwell,Eric Swalwell,Democrat,RepSwalwell,-1
"Takano, Mark",CA,41,Rep,CA41,Takano,RepMarkTakano,Mark Takano,Democrat,RepMarkTakano,-1
"Thompson, Bennie G.",MS,2,Rep,MS2,Thompson,CongressmanBennieGThompson,Bennie G. Thompson,Democrat,BennieGThompson,-1
"Thompson, Mike",CA,5,Rep,CA5,Thompson,RepMikeThompson,Mike Thompson,Democrat,RepThompson,-1
"Tonko, Paul",NY,20,Rep,NY20,Tonko,reppaultonko,Paul Tonko,Democrat,RepPaulTonko,-1
"Vargas, Juan",CA,51,Rep,CA51,Vargas,RepJuanVargas,Juan Vargas,Democrat,RepJuanVargas,-1
"Veasey, Marc A.",TX,33,Rep,TX33,Veasey,CongressmanMarcVeasey,Marc A. Veasey,Democrat,RepVeasey,-1
"Vela, Filemon",TX,34,Rep,TX34,Vela,USCongressmanFilemonVela,Filemon Vela,Democrat,RepFilemonVela,-1
"Velazquez, Nydia M.",NY,7,Rep,NY7,Velazquez,8037068318,Nydia M. Velázquez,Democrat,NydiaVelazquez,-1
"Visclosky, Peter J.",IN,1,Rep,IN1,Visclosky,repvisclosky,Peter J. Visclosky,Democrat,RepVisclosky,-1
"Wasserman Schultz, Debbie",FL,23,Rep,FL23,Wasserman Schultz,RepDWS,Debbie Wasserman Schultz,Democrat,RepDWStweets,-1
"Watson Coleman, Bonnie",NJ,12,Rep,NJ12,Watson Coleman,RepBonnie,Bonnie Watson Coleman,Democrat,RepBonnie,-1
"Welch, Peter",VT,0,Rep,VT0,Welch,PeterWelch,Peter Welch,Democrat,PeterWelch,-1
"Yarmuth, John A.",KY,3,Rep,KY3,Yarmuth,214258646163,John A. Yarmuth,Democrat,RepJohnYarmuth,-1
"DelBene, Suzan K.",WA,1,Rep,WA1,DelBene,RepDelBene,Suzan K. DelBene,Democrat,RepDelBene,-1
"Doggett, Lloyd",TX,35,Rep,TX35,Doggett,lloyddoggett,Lloyd Doggett,Democrat,RepLloydDoggett,-1
"Gottheimer, Josh",NJ,5,Rep,NJ5,Gottheimer,RepJoshG,Josh Gottheimer,Democrat,RepJoshG,-1
"Murphy, Stephanie N.",FL,7,Rep,FL7,Murphy,RepStephMurphy,Stephanie N. Murphy,Democrat,RepStephMurphy,-1
"Ruiz, Raul",CA,36,Rep,CA36,Ruiz,CongressmanRaulRuizMD,Raul Ruiz,Democrat,CongressmanRuiz,-1
"Ruppersberger, C. A. Dutch",MD,2,Rep,MD2,Ruppersberger,DutchRupp,C. A. Dutch Ruppersberger,Democrat,Call_Me_Dutch,-1
"Torres, Norma J.",CA,35,Rep,CA35,Torres,RepNormaTorres,Norma J. Torres,Democrat,NormaJTorres,-1
"Tsongas, Niki",MA,3,Rep,MA3,Tsongas,RepTsongas,Niki Tsongas,Democrat,NikiInTheHouse,-1
"Waters, Maxine",CA,43,Rep,CA43,Waters,MaxineWaters,Maxine Waters,Democrat,RepMaxineWaters,-1
"Bergman, Jack",MI,1,Rep,MI1,Bergman,RepJackBergman,Jack Bergman,Republican,RepJackBergman,-1
"Coffman, Mike",CO,6,Rep,CO6,Coffman,repmikecoffman,Mike Coffman,Republican,RepMikeCoffman,-1
"Comstock, Barbara",VA,10,Rep,VA10,Comstock,RepBarbaraComstock,Barbara Comstock,Republican,RepComstock,-1
"Cook, Paul",CA,8,Rep,CA8,Cook,RepPaulCook,Paul Cook,Republican,RepPaulCook,-1
"Cooper, Jim",TN,5,Rep,TN5,Cooper,JimCooper,Jim Cooper,Democrat,RepJimCooper,-1
"Costello, Ryan A.",PA,6,Rep,PA6,Costello,CongressmanRyanCostello,Ryan A. Costello,Republican,RepRyanCostello,-1
"Cuellar, Henry",TX,28,Rep,TX28,Cuellar,152569121550,Henry Cuellar,Democrat,RepCuellar,-1
"Dent, Charles W.",PA,15,Rep,PA15,Dent,CongressmanDent,Charles W. Dent,Republican,RepCharlieDent,-1
"Donovan, Daniel M., Jr.",NY,11,Rep,NY11,Donovan,RepDanDonovan,"Daniel M. Donovan, Jr.",Republican,RepDanDonovan,-1
"Fitzpatrick, Brian K.",PA,8,Rep,PA8,Fitzpatrick,repbrianfitzpatrick,Brian K. Fitzpatrick,Republican,repbrianfitz,-1
"Fleischmann, Charles J. ""Chuck""",TN,3,Rep,TN3,Fleischmann,repchuck,"Charles J. ""Chuck"" Fleischmann",Republican,RepChuck,-1
"Frelinghuysen, Rodney P.",NJ,11,Rep,NJ11,Frelinghuysen,rfrelinghuysen,Rodney P. Frelinghuysen,Republican,USRepRodney,-1
"Gonzalez-Colon, Jenniffer",PR,0,Rep,PR0,Gonzalez-Colon,RepJennifferGonzalezColon,Jenniffer González-Colón,Republican,repjenniffer,-1
"Herrera Beutler, Jaime",WA,3,Rep,WA3,Herrera Beutler,herrerabeutler,Jaime Herrera Beutler,Republican,HerreraBeutler,-1
"Hurd, Will",TX,23,Rep,TX23,Hurd,HurdOnTheHill,Will Hurd,Republican,hurdonthehill,-1
"Katko, John",NY,24,Rep,NY24,Katko,RepJohnKatko,John Katko,Republican,RepJohnKatko,-1
"Lance, Leonard",NJ,7,Rep,NJ7,Lance,CongressmanLance,Leonard Lance,Republican,RepLanceNJ7,-1
"Long, Billy",MO,7,Rep,MO7,Long,Rep.Billy.Long,Billy Long,Republican,USRepLong,-1
"Mast, Brian J.",FL,18,Rep,FL18,Mast,repbrianmast,Brian J. Mast,Republican,repbrianmast,-1
"McCaul, Michael T.",TX,10,Rep,TX10,McCaul,michaeltmccaul,Michael T. McCaul,Republican,RepMcCaul,-1
"Rohrabacher, Dana",CA,48,Rep,CA48,Rohrabacher,RepRohrabacher,Dana Rohrabacher,Republican,reprohrabacher,-1
"Ros-Lehtinen, Ileana",FL,27,Rep,FL27,Ros-Lehtinen,iroslehtinen,Ileana Ros-Lehtinen,Republican,RosLehtinen,-1
"Sensenbrenner, F. James, Jr.",WI,5,Rep,WI5,Sensenbrenner,RepSensenbrenner,"F. James Sensenbrenner, Jr.",Republican,JimPressOffice,-1
"Shimkus, John",IL,15,Rep,IL15,Shimkus,repshimkus,John Shimkus,Republican,RepShimkus,-1
"Stefanik, Elise M.",NY,21,Rep,NY21,Stefanik,RepEliseStefanik,Elise M. Stefanik,Republican,RepStefanik,-1
"Turner, Michael R.",OH,10,Rep,OH10,Turner,RepMikeTurner,Michael R. Turner,Republican,RepMikeTurner,-1
"Upton, Fred",MI,6,Rep,MI6,Upton,RepFredUpton,Fred Upton,Republican,RepFredUpton,-1
"Valadao, David G.",CA,21,Rep,CA21,Valadao,CongressmanDavidValadao,David G. Valadao,Republican,RepDavidValadao,-1
"Young, Don",AK,0,Rep,AK0,Young,RepDonYoung,Don Young,Republican,RepDonYoung,-1
"Issa, Darrell E.",CA,49,Rep,CA49,Issa,darrellissa,Darrell E. Issa,Republican,DarrellIssa,-1
"Gowdy, Trey",SC,4,Rep,SC4,Gowdy,RepTreyGowdy,Trey Gowdy,Republican,TGowdySC,-1
"Griffith, H. Morgan",VA,9,Rep,VA9,Griffith,RepMorganGriffith,H. Morgan Griffith,Republican,RepMGriffith,-1
"Calvert, Ken",CA,42,Rep,CA42,Calvert,70063393423,Ken Calvert,Republican,KenCalvert,-1
"LaMalfa, Doug",CA,1,Rep,CA1,LaMalfa,RepLaMalfa,Doug LaMalfa,Republican,RepLaMalfa,-1
"Allen, Rick W.",GA,12,Rep,GA12,Allen,CongressmanRickAllen,Rick W. Allen,Republican,reprickallen,-1
"Amodei, Mark E.",NV,2,Rep,NV2,Amodei,MarkAmodeiNV2,Mark E. Amodei,Republican,MarkAmodeiNV2,-1
"Bishop, Rob",UT,1,Rep,UT1,Bishop,RepRobBishop,Rob Bishop,Republican,RepRobBishop,-1
"Blum, Rod",IA,1,Rep,IA1,Blum,congressmanrodblum,Rod Blum,Republican,RepRodBlum,-1
"Brat, Dave",VA,7,Rep,VA7,Brat,RepDaveBrat,Dave Brat,Republican,RepDaveBrat,-1
"Brooks, Mo",AL,5,Rep,AL5,Brooks,RepMoBrooks,Mo Brooks,Republican,RepMoBrooks,-1
"Buck, Ken",CO,4,Rep,CO4,Buck,repkenbuck,Ken Buck,Republican,RepKenBuck,-1
"Carter, Earl L. ""Buddy""",GA,1,Rep,GA1,Carter,congressmanbuddycarter,"Earl L. ""Buddy"" Carter",Republican,RepBuddyCarter,-1
"Culberson, John Abney",TX,7,Rep,TX7,Culberson,CongressmanCulberson,John Abney Culberson,Republican,CongCulberson,-1
"DeSantis, Ron",FL,6,Rep,FL6,DeSantis,RepDeSantis,Ron DeSantis,Republican,RepDeSantis,-1
"DesJarlais, Scott",TN,4,Rep,TN4,DesJarlais,ScottDesJarlaisTN04,Scott DesJarlais,Republican,DesJarlaisTN04,-1
"Fortenberry, Jeff",NE,1,Rep,NE1,Fortenberry,jefffortenberry,Jeff Fortenberry,Republican,JeffFortenberry,-1
"Gallagher, Mike",WI,8,Rep,WI8,Gallagher,RepMikeGallagher,Mike Gallagher,Republican,RepGallagher,-1
"Gosar, Paul A.",AZ,4,Rep,AZ4,Gosar,repgosar,Paul A. Gosar,Republican,RepGosar,-1
"Holding, George",NC,13,Rep,NC13,Holding,,,,,-1
"Hudson, Richard",NC,8,Rep,NC8,Hudson,RepRichHudson,Richard Hudson,Republican,RepRichHudson,-1
"Joyce, David P.",OH,14,Rep,OH14,Joyce,RepDaveJoyce,David P. Joyce,Republican,RepDaveJoyce,-1
"King, Steve",IA,4,Rep,IA4,King,stevekingia,Steve King,Republican,SteveKingIA,-1
"Lewis, Jason",MN,2,Rep,MN2,Lewis,RepJasonLewis,Jason Lewis,Republican,RepJasonLewis,-1
"Perry, Scott",PA,4,Rep,PA4,Perry,repscottperry,Scott Perry,Republican,RepScottPerry,-1
"Ross, Dennis A.",FL,15,Rep,FL15,Ross,dennis.ross.376,Dennis A. Ross,Republican,RepDennisRoss,-1
"Rutherford, John H.",FL,4,Rep,FL4,Rutherford,RepRutherfordFL,John H. Rutherford,Republican,RepRutherfordFL,-1
"Westerman, Bruce",AR,4,Rep,AR4,Westerman,RepWesterman,Bruce Westerman,Republican,RepWesterman,-1
"Garrett, Thomas A., Jr.",VA,5,Rep,VA5,Garrett,congressman-Tom-Garrett-1835767753333490,"Thomas A. Garrett, Jr.",Republican,RepTomGarrett,-1
"Lucas, Frank D.",OK,3,Rep,OK3,Lucas,RepFrankLucas,Frank D. Lucas,Republican,RepFrankLucas,-1
"Abraham, Ralph Lee",LA,5,Rep,LA5,Abraham,CongressmanRalphAbraham,Ralph Lee Abraham,Republican,RepAbraham,-1
"Barton, Joe",TX,6,Rep,TX6,Barton,RepJoeBarton,Joe Barton,Republican,RepJoeBarton,-1
"Brooks, Susan W.",IN,5,Rep,IN5,Brooks,congresswomansusanwbrooks,Susan W. Brooks,Republican,SusanWBrooks,-1
"Bucshon, Larry",IN,8,Rep,IN8,Bucshon,RepLarryBucshon,Larry Bucshon,Republican,RepLarryBucshon,-1
"McMorris Rodgers, Cathy",WA,5,Rep,WA5,McMorris Rodgers,mcmorrisrodgers,Cathy McMorris Rodgers,Republican,CathyMcMorris,-1
"Rogers, Harold",KY,5,Rep,KY5,Rogers,CongressmanHalRogers,Harold Rogers,Republican,RepHalRogers,-1
"Simpson, Michael K.",ID,2,Rep,ID2,Simpson,96007744606,Michael K. Simpson,Republican,CongMikeSimpson,-1
"Thompson, Glenn",PA,5,Rep,PA5,Thompson,CongressmanGT,Glenn Thompson,Republican,CongressmanGT,-1
"Diaz-Balart, Mario",FL,25,Rep,FL25,Diaz-Balart,mdiazbalart,Mario Diaz-Balart,Republican,MarioDB,-1
"Norman, Ralph",SC,5,Rep,SC5,Norman,RepRalphNorman,Ralph Norman,Republican,RepRalphNorman,-1
"Smucker, Lloyd",PA,16,Rep,PA16,Smucker,RepSmucker,Lloyd Smucker,Republican,RepSmucker,-1
"Marshall, Roger W.",KS,1,Rep,KS1,Marshall,rogermarshallmd,Roger W. Marshall,Republican,RepMarshall,-1
"Handel, Karen C.",GA,6,Rep,GA6,Handel,RepKarenHandel,Karen C. Handel,Republican,repkhandel,-1
"Curtis, John R.",UT,3,Rep,UT3,Curtis,RepJohnCurtis,John R. Curtis,Republican,RepJohnCurtis,-1
"Gianforte, Greg",MT,0,Rep,MT0,Gianforte,RepGianforte,Greg Gianforte,Republican,,-1
"Kinzinger, Adam",IL,16,Rep,IL16,Kinzinger,RepKinzinger,Adam Kinzinger,Republican,RepKinzinger,-1
"Taylor, Scott",VA,2,Rep,VA2,Taylor,RepScottTaylor,Scott Taylor,Republican,RepScottTaylor,-1
"Zinke, Ryan K.",MT,0,Rep,MT0,Zinke,CongressmanRyanZinke,Ryan K. Zinke,Republican,RepRyanZinke,-1
"Lesko, Debbie",AZ,8,Rep,AZ8,Lesko,RepDebbieLesko,Debbie Lesko,Republican,RepDLesko,-1
"Frankel, Lois",FL,22,Rep,FL22,Frankel,,,,,-1
"Deutch, Theodore E.",FL,21,Rep,FL21,Deutch,,,,,-1
"Webster, Daniel",FL,10,Rep,FL10,Webster,,,,,-1
"Becerra, Xavier",CA,34,Rep,CA34,Becerra,XavierBecerra,Xavier Becerra,Democrat,RepBecerra,-1
"Cloud, Michael",TX,27,Rep,TX27,Cloud,,Michael Cloud,Republican,,-1
